base_composite_rank,player,position,team,bye,base_quality_score,source_count,expert_weight_coverage,position_conflict,draftsheets_value,draftsheets_position_tier,draftsheets_overall_value_rank,jeff_mans_rank,rotoballer_rank,rotoballer_tier,rotoballer_player_url,qb_chart_rank,qb_chart_tier,qb_chart_2qb_adp
1,Josh Allen,QB,BUF,7,99.8,4,1.0,False,117,3,2,1,1,1,http://www.rotoballer.com/nfl/player/19801/Josh+Allen,1,TIER 1a,1.6
2,Bijan Robinson,RB,ATL,11,98.632,3,0.95,False,116,1,3,4,5,1,http://www.rotoballer.com/nfl/player/23189/Bijan+Robinson,,,
3,Ja'Marr Chase,WR,CIN,6,98.263,3,0.95,False,103,1,5,3,7,2,http://www.rotoballer.com/nfl/player/22564/Ja%27Marr+Chase,,,
4,Jahmyr Gibbs,RB,DET,6,97.947,3,0.95,False,122,1,1,10,3,1,http://www.rotoballer.com/nfl/player/23200/Jahmyr+Gibbs,,,
5,Lamar Jackson,QB,BAL,13,97.7,4,1.0,False,80,3,11,2,2,1,http://www.rotoballer.com/nfl/player/19781/Lamar+Jackson,2,TIER 1a,4.8
6,Puka Nacua,WR,LAR,11,96.632,3,0.95,False,106,1,4,11,9,2,http://www.rotoballer.com/nfl/player/24172/Puka+Nacua,,,
7,Drake Maye,QB,NE,11,95.8,4,1.0,False,77,4,13,6,11,2,http://www.rotoballer.com/nfl/player/24958/Drake+Maye,3,TIER 1a,11.1
8,Amon-Ra St. Brown,WR,DET,6,95.737,3,0.95,False,89,1,8,9,15,2,http://www.rotoballer.com/nfl/player/22587/Amon-Ra+St.+Brown,,,
9,Joe Burrow,QB,CIN,6,95.125,4,1.0,False,69,4,17,7,6,2,http://www.rotoballer.com/nfl/player/21693/Joe+Burrow,5,TIER 1b,4.5
10,Jaxon Smith-Njigba,WR,SEA,11,94.447,3,0.95,False,100,1,6,19,10,2,http://www.rotoballer.com/nfl/player/23157/Jaxon+Smith-Njigba,,,
11,Jayden Daniels,QB,WAS,7,94.05,4,1.0,False,76,4,14,16,4,1,http://www.rotoballer.com/nfl/player/23235/Jayden+Daniels,6,TIER 1b,12.7
12,James Cook III,RB,BUF,7,93.711,3,0.95,False,78,2,12,15,14,2,http://www.rotoballer.com/nfl/player/23247/James+Cook+III,,,
13,Jalen Hurts,QB,PHI,10,93.325,4,1.0,False,74,4,15,17,8,2,http://www.rotoballer.com/nfl/player/21831/Jalen+Hurts,7,TIER 1b,23.3
14,Christian McCaffrey,RB,SF,8,93.237,3,0.95,False,88,1,9,21,12,2,http://www.rotoballer.com/nfl/player/18877/Christian+McCaffrey,,,
15,Ashton Jeanty,RB,LV,13,92.921,3,0.95,False,66,2,19,8,24,3,http://www.rotoballer.com/nfl/player/25868/Ashton+Jeanty,,,
16,Caleb Williams,QB,CHI,10,92.65,4,1.0,False,60,5,27,5,18,3,http://www.rotoballer.com/nfl/player/24927/Caleb+Williams,4,TIER 1a,21.3
17,Jonathan Taylor,RB,IND,13,92.526,3,0.95,False,98,1,7,26,13,2,http://www.rotoballer.com/nfl/player/21682/Jonathan+Taylor,,,
18,CeeDee Lamb,WR,DAL,14,92.0,3,0.95,False,66,1,20,14,17,3,http://www.rotoballer.com/nfl/player/21679/CeeDee+Lamb,,,
19,Justin Jefferson,WR,MIN,6,91.605,3,0.95,False,65,2,21,13,22,3,http://www.rotoballer.com/nfl/player/21685/Justin+Jefferson,,,
20,De'Von Achane,RB,MIA,6,90.132,3,0.95,False,68,2,18,20,30,4,http://www.rotoballer.com/nfl/player/24179/De%27Von+Achane,,,
21,Trevor Lawrence,QB,JAX,7,89.7,4,1.0,False,63,5,23,22,21,3,http://www.rotoballer.com/nfl/player/22490/Trevor+Lawrence,9,TIER 1b,16.0
22,Saquon Barkley,RB,PHI,10,88.605,3,0.95,False,65,2,22,27,20,3,http://www.rotoballer.com/nfl/player/19766/Saquon+Barkley,,,
23,Justin Herbert,QB,LAC,7,88.25,4,1.0,False,59,5,31,23,16,2,http://www.rotoballer.com/nfl/player/21681/Justin+Herbert,10,TIER 1b,17.4
24,Jaxson Dart,QB,NYG,8,87.975,4,1.0,False,61,6,26,12,63,6,http://www.rotoballer.com/nfl/player/26082/Jaxson+Dart,8,TIER 1b,28.9
25,Derrick Henry,RB,BAL,13,87.211,3,0.95,False,82,2,10,46,19,3,http://www.rotoballer.com/nfl/player/17959/Derrick+Henry,,,
26,Dak Prescott,QB,DAL,14,87.05,4,1.0,False,60,5,28,28,26,4,http://www.rotoballer.com/nfl/player/18055/Dak+Prescott,12,TIER 1c (END OF QB1 TIER),6.9
27,Drake London,WR,ATL,11,86.921,3,0.95,False,73,2,16,38,28,4,http://www.rotoballer.com/nfl/player/23151/Drake+London,,,
28,Omarion Hampton,RB,LAC,7,85.947,3,0.95,False,51,2,41,18,27,4,http://www.rotoballer.com/nfl/player/25956/Omarion+Hampton,,,
29,Kenneth Walker,RB,KC,5,85.895,3,0.95,False,56,2,35,25,25,4,http://www.rotoballer.com/nfl/player/23214/Kenneth+Walker+III,,,
30,Chase Brown,RB,CIN,6,85.842,3,0.95,False,61,2,25,36,23,3,http://www.rotoballer.com/nfl/player/24374/Chase+Brown,,,
31,A.J. Brown,WR,NE,11,85.474,3,0.95,False,59,2,29,30,33,4,http://www.rotoballer.com/nfl/player/21042/A.J.+Brown,,,
32,Nico Collins,WR,HOU,8,85.447,3,0.95,False,57,2,34,24,36,4,http://www.rotoballer.com/nfl/player/21756/Nico+Collins,,,
33,Brock Purdy,QB,SF,8,84.325,4,1.0,False,62,6,24,44,29,4,http://www.rotoballer.com/nfl/player/23241/Brock+Purdy,16,TIER 2a,24.4
34,Patrick Mahomes,QB,KC,5,83.8,4,1.0,False,55,6,36,34,31,4,http://www.rotoballer.com/nfl/player/18890/Patrick+Mahomes,15,TIER 1c (END OF QB1 TIER),20.7
35,George Pickens,WR,DAL,14,83.447,3,0.95,False,59,2,30,39,32,4,http://www.rotoballer.com/nfl/player/23153/George+Pickens,,,
36,Chris Olave,WR,NO,8,83.421,3,0.95,False,54,3,37,31,35,4,http://www.rotoballer.com/nfl/player/22565/Chris+Olave,,,
37,Jeremiyah Love,RB,ARI,14,82.158,3,0.95,False,57,3,33,35,51,5,http://www.rotoballer.com/nfl/player/26768/Jeremiyah+Love,,,
38,Matthew Stafford,QB,LAR,11,81.925,4,1.0,False,43,6,48,29,38,5,http://www.rotoballer.com/nfl/player/9038/Matthew+Stafford,13,TIER 1c (END OF QB1 TIER),21.9
39,Bo Nix,QB,DEN,10,81.225,4,1.0,False,46,6,44,33,47,5,http://www.rotoballer.com/nfl/player/25069/Bo+Nix,14,TIER 1c (END OF QB1 TIER),26.5
40,Javonte Williams,RB,DAL,14,81.211,3,0.95,False,51,3,40,37,39,5,http://www.rotoballer.com/nfl/player/22558/Javonte+Williams,,,
41,Trey Lance,QB,,,80.5,1,0.05,False,,,,,,,,40,TIER 4 (BEST BACKUPS),291.4
42,Kyren Williams,RB,LAR,11,80.316,3,0.95,False,54,3,39,43,37,5,http://www.rotoballer.com/nfl/player/23212/Kyren+Williams,,,
43,DeVonta Smith,WR,PHI,10,80.053,3,0.95,False,41,3,49,32,43,5,http://www.rotoballer.com/nfl/player/21687/DeVonta+Smith,,,
44,Brock Bowers,TE,LV,13,79.289,3,0.95,False,44,2,46,42,34,4,http://www.rotoballer.com/nfl/player/24943/Brock+Bowers,,,
45,Josh Jacobs,RB,GB,11,78.0,3,0.95,False,54,3,38,52,45,5,http://www.rotoballer.com/nfl/player/20824/Josh+Jacobs,,,
46,Jared Goff,QB,DET,6,77.825,4,1.0,False,37,6,57,40,40,5,http://www.rotoballer.com/nfl/player/17922/Jared+Goff,11,TIER 1c (END OF QB1 TIER),17.2
47,Malik Nabers,WR,NYG,8,77.263,3,0.95,False,49,3,42,53,41,5,http://www.rotoballer.com/nfl/player/24953/Malik+Nabers,,,
48,Travis Etienne Jr.,RB,NO,8,77.026,3,0.95,False,41,4,50,45,44,5,http://www.rotoballer.com/nfl/player/21696/Travis+Etienne+Jr.,,,
49,Breece Hall,RB,NYJ,13,76.763,3,0.95,False,48,3,43,51,50,5,http://www.rotoballer.com/nfl/player/22526/Breece+Hall,,,
50,Trey McBride,TE,ARI,14,76.342,3,0.95,False,41,3,51,48,42,5,http://www.rotoballer.com/nfl/player/23251/Trey+McBride,,,
51,D'Andre Swift,RB,CHI,10,74.974,3,0.95,False,39,4,54,47,54,6,http://www.rotoballer.com/nfl/player/21684/D%27Andre+Swift,,,
52,Cam Skattebo,RB,NYG,8,73.447,3,0.95,False,44,4,47,59,60,6,http://www.rotoballer.com/nfl/player/25887/Cam+Skattebo,,,
53,Rashee Rice,WR,KC,5,72.737,3,0.95,False,59,3,32,80,53,5,http://www.rotoballer.com/nfl/player/24120/Rashee+Rice,,,
54,Zay Flowers,WR,BAL,13,72.447,3,0.95,False,46,3,45,71,46,5,http://www.rotoballer.com/nfl/player/23120/Zay+Flowers,,,
55,Garrett Wilson,WR,NYJ,13,71.105,3,0.95,False,33,3,62,57,55,6,http://www.rotoballer.com/nfl/player/23122/Garrett+Wilson,,,
56,Tetairoa McMillan,WR,CAR,5,70.974,3,0.95,False,40,3,53,61,70,7,http://www.rotoballer.com/nfl/player/26054/Tetairoa+McMillan,,,
57,Emeka Egbuka,WR,TB,10,70.947,3,0.95,False,39,3,55,64,57,6,http://www.rotoballer.com/nfl/player/26092/Emeka+Egbuka,,,
58,Ladd McConkey,WR,LAC,7,70.816,3,0.95,False,32,3,65,58,48,5,http://www.rotoballer.com/nfl/player/25097/Ladd+McConkey,,,
59,Quinshon Judkins,RB,CLE,11,70.421,3,0.95,False,37,4,58,56,77,7,http://www.rotoballer.com/nfl/player/25946/Quinshon+Judkins,,,
60,Baker Mayfield,QB,TB,10,69.975,4,1.0,False,29,6,67,65,49,5,http://www.rotoballer.com/nfl/player/19790/Baker+Mayfield,18,TIER 2a,34.9
61,Rome Odunze,WR,CHI,10,69.974,3,0.95,False,25,4,71,41,88,8,http://www.rotoballer.com/nfl/player/24977/Rome+Odunze,,,
62,Tee Higgins,WR,CIN,6,69.868,3,0.95,False,40,3,52,74,52,5,http://www.rotoballer.com/nfl/player/21690/Tee+Higgins,,,
63,Bucky Irving,RB,TB,10,68.921,3,0.95,False,37,4,56,67,72,7,http://www.rotoballer.com/nfl/player/24967/Bucky+Irving,,,
64,Jordan Love,QB,GB,11,68.275,4,1.0,False,17,6,85,50,64,7,http://www.rotoballer.com/nfl/player/21841/Jordan+Love,17,TIER 2a,39.9
65,Terry McLaurin,WR,WAS,7,68.263,3,0.95,False,31,4,66,62,67,7,http://www.rotoballer.com/nfl/player/20873/Terry+McLaurin,,,
66,Mike Evans,WR,SF,8,67.974,3,0.95,False,23,4,75,54,68,7,http://www.rotoballer.com/nfl/player/16597/Mike+Evans,,,
67,DJ Moore,WR,BUF,7,67.737,3,0.95,False,23,4,74,55,71,7,http://www.rotoballer.com/nfl/player/19844/DJ+Moore,,,
68,Bhayshul Tuten,RB,JAX,7,67.316,3,0.95,False,35,4,60,68,79,7,http://www.rotoballer.com/nfl/player/25898/Bhayshul+Tuten,,,
69,Luther Burden III,WR,CHI,10,67.184,3,0.95,False,24,4,72,63,62,6,http://www.rotoballer.com/nfl/player/26044/Luther+Burden+III,,,
70,Tyler Shough,QB,NO,8,67.175,4,1.0,False,23,6,76,60,75,7,http://www.rotoballer.com/nfl/player/23187/Tyler+Shough,20,TIER 2b,57.9
71,Colston Loveland,TE,CHI,10,66.421,3,0.95,False,32,3,63,76,61,6,http://www.rotoballer.com/nfl/player/25869/Colston+Loveland,,,
72,Jameson Williams,WR,DET,6,66.105,3,0.95,False,32,4,64,75,65,7,http://www.rotoballer.com/nfl/player/23234/Jameson+Williams,,,
73,Davante Adams,WR,LAR,11,65.316,3,0.95,False,35,4,61,84,59,6,http://www.rotoballer.com/nfl/player/16470/Davante+Adams,,,
74,David Montgomery,RB,HOU,8,65.158,3,0.95,False,27,4,70,72,69,7,http://www.rotoballer.com/nfl/player/20882/David+Montgomery,,,
75,Malik Willis,QB,MIA,6,64.025,4,1.0,False,15,7,89,66,66,7,http://www.rotoballer.com/nfl/player/23118/Malik+Willis,21,TIER 2b,73.1
76,Kyler Murray,QB,MIN,6,62.1,4,1.0,False,29,6,68,100,56,6,http://www.rotoballer.com/nfl/player/20889/Kyler+Murray,24,TIER 2c,56.9
77,TreVeyon Henderson,RB,NE,11,61.526,3,0.95,False,19,4,81,73,83,7,http://www.rotoballer.com/nfl/player/23245/TreVeyon+Henderson,,,
78,Tyler Warren,TE,IND,13,61.053,3,0.95,False,20,4,78,79,81,7,http://www.rotoballer.com/nfl/player/25874/Tyler+Warren,,,
79,Jaylen Waddle,WR,DEN,10,60.763,3,0.95,False,28,3,69,98,58,6,http://www.rotoballer.com/nfl/player/22598/Jaylen+Waddle,,,
80,C.J. Stroud,QB,HOU,8,60.175,4,1.0,False,0,7,118,49,86,7,http://www.rotoballer.com/nfl/player/23239/C.J.+Stroud,19,TIER 2b,41.8
81,Jadarian Price,RB,SEA,11,59.158,3,0.95,False,36,5,59,110,73,7,http://www.rotoballer.com/nfl/player/26765/Jadarian+Price,,,
82,Sam Darnold,QB,SEA,11,59.0,4,1.0,False,7,7,105,69,82,7,http://www.rotoballer.com/nfl/player/19812/Sam+Darnold,22,TIER 2b,48.8
83,Tucker Kraft,TE,GB,11,58.526,3,0.95,False,18,5,83,83,89,8,http://www.rotoballer.com/nfl/player/24118/Tucker+Kraft,,,
84,Marvin Harrison Jr.,WR,ARI,14,58.421,3,0.95,False,15,5,90,78,85,7,http://www.rotoballer.com/nfl/player/24974/Marvin+Harrison+Jr.,,,
85,Jaylen Warren,RB,PIT,9,58.368,3,0.95,False,17,5,84,82,91,8,http://www.rotoballer.com/nfl/player/23479/Jaylen+Warren,,,
86,Tony Pollard,RB,TEN,9,56.316,3,0.95,False,19,5,80,95,93,8,http://www.rotoballer.com/nfl/player/20912/Tony+Pollard,,,
87,Daniel Jones,QB,IND,13,56.075,4,1.0,False,0,7,119,70,80,7,http://www.rotoballer.com/nfl/player/20841/Daniel+Jones,25,TIER 2c,72.4
88,Christian Watson,WR,GB,11,55.553,3,0.95,False,23,4,73,112,76,7,http://www.rotoballer.com/nfl/player/23395/Christian+Watson,,,
89,Carnell Tate,WR,TEN,9,55.132,3,0.95,False,22,5,77,107,84,7,http://www.rotoballer.com/nfl/player/26752/Carnell+Tate,,,
90,Kyle Pitts Sr.,TE,ATL,11,55.026,3,0.95,False,17,5,86,88,112,9,http://www.rotoballer.com/nfl/player/22508/Kyle+Pitts+Sr.,,,
91,Brian Thomas Jr.,WR,JAX,7,54.658,3,0.95,False,12,5,97,87,90,8,http://www.rotoballer.com/nfl/player/24933/Brian+Thomas+Jr.,,,
92,Courtland Sutton,WR,DEN,10,54.658,3,0.95,False,14,5,92,86,106,9,http://www.rotoballer.com/nfl/player/19800/Courtland+Sutton,,,
93,Sam LaPorta,TE,DET,6,54.474,3,0.95,False,16,5,87,96,95,8,http://www.rotoballer.com/nfl/player/23141/Sam+LaPorta,,,
94,DK Metcalf,WR,PIT,9,54.132,3,0.95,False,15,5,88,94,102,8,http://www.rotoballer.com/nfl/player/20875/DK+Metcalf,,,
95,Alec Pierce,WR,IND,13,54.105,3,0.95,False,19,5,79,93,129,10,http://www.rotoballer.com/nfl/player/23232/Alec+Pierce,,,
96,Chuba Hubbard,RB,CAR,5,52.553,3,0.95,False,9,5,100,85,114,9,http://www.rotoballer.com/nfl/player/21691/Chuba+Hubbard,,,
97,Rhamondre Stevenson,RB,NE,11,51.184,3,0.95,False,14,5,96,109,78,7,http://www.rotoballer.com/nfl/player/22546/Rhamondre+Stevenson,,,
98,Parker Washington,WR,JAX,7,49.816,3,0.95,False,14,5,95,118,74,7,http://www.rotoballer.com/nfl/player/24143/Parker+Washington,,,
99,Dalton Kincaid,TE,BUF,7,49.632,3,0.95,False,7,6,103,91,127,10,http://www.rotoballer.com/nfl/player/24102/Dalton+Kincaid,,,
100,Rico Dowdle,RB,PIT,9,49.211,3,0.95,False,15,5,91,120,87,8,http://www.rotoballer.com/nfl/player/21952/Rico+Dowdle,,,
101,Harold Fannin Jr.,TE,CLE,11,48.816,3,0.95,False,14,5,94,108,116,9,http://www.rotoballer.com/nfl/player/25870/Harold+Fannin+Jr.,,,
102,Travis Kelce,TE,KC,5,48.132,3,0.95,False,10,6,99,101,130,10,http://www.rotoballer.com/nfl/player/15048/Travis+Kelce,,,
103,Jayden Reed,WR,GB,11,46.526,3,0.95,False,0,6,121,99,97,8,http://www.rotoballer.com/nfl/player/23233/Jayden+Reed,,,
104,Jonathon Brooks,RB,CAR,5,46.273,2,0.55,False,2,5,112,,99,8,http://www.rotoballer.com/nfl/player/24944/Jonathon+Brooks,,,
105,Bryce Young,QB,CAR,5,45.35,4,1.0,False,-18,7,156,81,94,8,http://www.rotoballer.com/nfl/player/23132/Bryce+Young,28,TIER 3a (BYE WEEK REPLACEMENTS),88.4
106,KC Concepcion,WR,CLE,11,45.045,2,0.55,False,6,6,106,,124,10,http://www.rotoballer.com/nfl/player/26762/KC+Concepcion,,,
107,Michael Pittman Jr.,WR,PIT,9,45.0,3,0.95,False,1,5,116,106,111,9,http://www.rotoballer.com/nfl/player/21744/Michael+Pittman+Jr.,,,
108,George Kittle,TE,SF,8,44.842,3,0.95,False,12,6,98,121,121,9,http://www.rotoballer.com/nfl/player/19063/George+Kittle,,,
109,Cam Ward,QB,TEN,9,44.825,4,1.0,False,-20,7,164,77,92,8,http://www.rotoballer.com/nfl/player/25323/Cam+Ward,23,TIER 2b,89.2
110,Isaiah Likely,TE,NYG,8,44.737,3,0.95,False,9,6,101,111,141,10,http://www.rotoballer.com/nfl/player/23256/Isaiah+Likely,,,
111,Makai Lemon,WR,PHI,10,44.737,3,0.95,False,8,6,102,116,125,10,http://www.rotoballer.com/nfl/player/26748/Makai+Lemon,,,
112,Chris Godwin Jr.,WR,TB,10,44.368,3,0.95,False,2,5,111,117,103,9,http://www.rotoballer.com/nfl/player/18880/Chris+Godwin+Jr.,,,
113,Michael Wilson,WR,ARI,14,43.632,3,0.95,False,1,6,117,113,107,9,http://www.rotoballer.com/nfl/player/24173/Michael+Wilson,,,
114,Kyle Monangai,RB,CHI,10,42.816,3,0.95,False,3,6,110,119,120,9,http://www.rotoballer.com/nfl/player/25952/Kyle+Monangai,,,
115,Jakobi Meyers,WR,JAX,7,42.763,3,0.95,False,-2,6,125,102,126,10,http://www.rotoballer.com/nfl/player/20876/Jakobi+Meyers,,,
116,Xavier Worthy,WR,KC,5,41.158,3,0.95,False,-2,6,126,115,109,9,http://www.rotoballer.com/nfl/player/24924/Xavier+Worthy,,,
117,Jordan Addison,WR,MIN,6,39.974,3,0.95,False,1,6,114,136,100,8,http://www.rotoballer.com/nfl/player/23162/Jordan+Addison,,,
118,Quentin Johnston,WR,LAC,7,39.868,3,0.95,False,4,6,109,140,104,9,http://www.rotoballer.com/nfl/player/24226/Quentin+Johnston,,,
119,Blake Corum,RB,LAR,11,39.289,3,0.95,False,-1,6,123,131,98,8,http://www.rotoballer.com/nfl/player/24116/Blake+Corum,,,
120,Denzel Boston,WR,CLE,11,38.818,2,0.55,False,1,7,113,,151,11,http://www.rotoballer.com/nfl/player/26747/Denzel+Boston,,,
121,Jake Ferguson,TE,DAL,14,38.316,3,0.95,False,0,6,120,124,137,10,http://www.rotoballer.com/nfl/player/23138/Jake+Ferguson,,,
122,Romeo Doubs,WR,NE,11,38.158,3,0.95,False,-10,7,139,105,139,10,http://www.rotoballer.com/nfl/player/23167/Romeo+Doubs,,,
123,Jacory Croskey-Merritt,RB,WAS,7,38.132,3,0.95,False,4,6,108,144,118,9,http://www.rotoballer.com/nfl/player/26259/Jacory+Croskey-Merritt,,,
124,Aaron Jones Sr.,RB,MIN,6,37.868,3,0.95,False,-5,6,131,114,140,10,http://www.rotoballer.com/nfl/player/19045/Aaron+Jones+Sr.,,,
125,Josh Downs,WR,IND,13,37.684,3,0.95,False,-6,6,134,125,105,9,http://www.rotoballer.com/nfl/player/24145/Josh+Downs,,,
126,Jordyn Tyson,WR,NO,8,37.605,3,0.95,False,1,6,115,126,154,11,http://www.rotoballer.com/nfl/player/26751/Jordyn+Tyson,,,
127,Matthew Golden,WR,GB,11,37.184,3,0.95,False,-5,6,132,123,122,10,http://www.rotoballer.com/nfl/player/25922/Matthew+Golden,,,
128,Mark Andrews,TE,BAL,13,36.921,3,0.95,False,7,6,104,147,136,10,http://www.rotoballer.com/nfl/player/19803/Mark+Andrews,,,
129,RJ Harvey,RB,DEN,10,36.816,3,0.95,False,-4,6,130,132,108,9,http://www.rotoballer.com/nfl/player/25944/RJ+Harvey,,,
130,Jacoby Brissett,QB,ARI,14,35.6,4,1.0,False,-33,8,188,92,110,9,http://www.rotoballer.com/nfl/player/18018/Jacoby+Brissett,26,TIER 2c,119.2
131,J.K. Dobbins,RB,DEN,10,35.447,3,0.95,False,18,5,82,191,96,8,http://www.rotoballer.com/nfl/player/21674/J.K.+Dobbins,,,
132,Wan'Dale Robinson,WR,TEN,9,35.237,3,0.95,False,-6,6,135,127,128,10,http://www.rotoballer.com/nfl/player/23170/Wan%27Dale+Robinson,,,
133,Chris Rodriguez Jr.,RB,JAX,7,35.105,3,0.95,False,-22,6,169,97,119,9,http://www.rotoballer.com/nfl/player/23237/Chris+Rodriguez+Jr.,,,
134,Dallas Goedert,TE,PHI,10,34.132,3,0.95,False,14,6,93,172,134,10,http://www.rotoballer.com/nfl/player/19863/Dallas+Goedert,,,
135,Aaron Rodgers,QB,PIT,9,34.05,4,1.0,False,-45,8,207,90,101,8,http://www.rotoballer.com/nfl/player/2593/Aaron+Rodgers,27,TIER 3a (BYE WEEK REPLACEMENTS),106.2
136,Brenton Strange,TE,JAX,7,34.0,2,0.55,False,-3,7,127,,149,11,http://www.rotoballer.com/nfl/player/24223/Brenton+Strange,,,
137,Stefon Diggs,WR,WAS,7,33.474,3,0.95,False,-8,6,138,138,113,9,http://www.rotoballer.com/nfl/player/16906/Stefon+Diggs,,,
138,Juwan Johnson,TE,NO,8,33.421,3,0.95,False,-3,7,128,137,143,11,http://www.rotoballer.com/nfl/player/21738/Juwan+Johnson,,,
139,Jordan Mason,RB,MIN,6,33.368,3,0.95,False,0,6,122,153,117,9,http://www.rotoballer.com/nfl/player/23364/Jordan+Mason,,,
140,Kenny Gainwell,RB,TB,10,32.895,3,0.95,False,-7,6,136,142,115,9,http://www.rotoballer.com/nfl/player/22562/Kenneth+Gainwell,,,
141,Deebo Samuel Sr.,WR,SF,8,32.5,2,0.55,False,-6,7,133,,144,11,http://www.rotoballer.com/nfl/player/20932/Deebo+Samuel+Sr.,,,
142,Khalil Shakir,WR,BUF,7,32.158,3,0.95,False,-13,6,144,130,135,10,http://www.rotoballer.com/nfl/player/23227/Khalil+Shakir,,,
143,Ricky Pearsall,WR,SF,8,31.0,1,0.4,False,,,,139,,,,,,
144,Rashid Shaheed,WR,SEA,11,30.909,2,0.55,False,-7,7,137,,145,11,http://www.rotoballer.com/nfl/player/23729/Rashid+Shaheed,,,
145,Fernando Mendoza,QB,LV,13,29.75,4,1.0,False,-69,8,224,103,123,10,http://www.rotoballer.com/nfl/player/26740/Fernando+Mendoza,29,TIER 3a (BYE WEEK REPLACEMENTS),127.9
146,De'Zhaun Stribling,WR,SF,8,29.289,3,0.95,False,4,7,107,178,142,10,http://www.rotoballer.com/nfl/player/28053/De%27Zhaun+Stribling,,,
147,Hunter Henry,TE,NE,11,27.974,3,0.95,False,-4,7,129,157,156,11,http://www.rotoballer.com/nfl/player/17975/Hunter+Henry,,,
148,Jayden Higgins,WR,HOU,8,27.25,2,0.8,False,-11,6,141,152,,,,,,
149,Jalen Nailor,WR,LV,13,26.974,3,0.95,False,-19,7,159,134,150,11,http://www.rotoballer.com/nfl/player/23368/Jalen+Nailor,,,
150,J.J. McCarthy,QB,MIN,6,26.65,4,1.0,False,-175,10,233,89,261,15,http://www.rotoballer.com/nfl/player/24956/J.J.+McCarthy,31,TIER 3a (BYE WEEK REPLACEMENTS),140.6
151,Houston Texans,DST,HOU,8,25.727,2,0.55,False,,,,146,159,11,,,,
152,Keenan Allen,WR,IND,13,24.0,1,0.15,False,,,,,153,11,http://www.rotoballer.com/nfl/player/15076/Keenan+Allen,,,
153,Zachariah Branch,WR,ATL,11,24.0,2,0.55,False,,,,135,216,13,http://www.rotoballer.com/nfl/player/26909/Zachariah+Branch,,,
154,Woody Marks,RB,HOU,8,23.842,3,0.95,False,-19,7,161,145,155,11,http://www.rotoballer.com/nfl/player/25942/Woody+Marks,,,
155,Shedeur Sanders,QB,CLE,11,23.6,4,1.0,False,-139,9,230,104,224,13,http://www.rotoballer.com/nfl/player/26079/Shedeur+Sanders,33,TIER 3b (BYE WEEK REPLACEMENTS),124.3
156,Zach Charbonnet,RB,SEA,11,23.368,3,0.95,False,-19,7,162,129,204,13,http://www.rotoballer.com/nfl/player/23173/Zach+Charbonnet,,,
157,T.J. Hockenson,TE,MIN,6,23.318,2,0.55,False,-16,7,150,,166,11,http://www.rotoballer.com/nfl/player/20805/T.J.+Hockenson,,,
158,Dalton Schultz,TE,HOU,8,23.273,2,0.55,False,-13,7,143,,185,12,http://www.rotoballer.com/nfl/player/19920/Dalton+Schultz,,,
159,Calvin Ridley,WR,TEN,9,23.136,2,0.55,False,-14,8,146,,178,12,http://www.rotoballer.com/nfl/player/19802/Calvin+Ridley,,,
160,Rachaad White,RB,WAS,7,23.053,3,0.95,False,-1,6,124,194,133,10,http://www.rotoballer.com/nfl/player/23217/Rachaad+White,,,
161,Tua Tagovailoa,QB,ATL,11,23.05,4,1.0,False,-87,9,228,133,132,10,http://www.rotoballer.com/nfl/player/21677/Tua+Tagovailoa,30,TIER 3a (BYE WEEK REPLACEMENTS),138.4
162,Jalen McMillan,WR,TB,10,22.864,2,0.55,False,-19,7,158,,148,11,http://www.rotoballer.com/nfl/player/25098/Jalen+McMillan,,,
163,Terrance Ferguson,TE,LAR,11,22.818,2,0.55,False,-16,8,151,,167,11,http://www.rotoballer.com/nfl/player/25970/Terrance+Ferguson,,,
164,Brandon Aubrey,K,DAL,14,22.636,2,0.55,False,,,,159,147,11,http://www.rotoballer.com/nfl/player/24902/Brandon+Aubrey,,,
165,Pat Freiermuth,TE,PIT,9,22.182,2,0.55,False,-16,8,149,,177,12,http://www.rotoballer.com/nfl/player/22507/Pat+Freiermuth,,,
166,Jalen Coker,WR,CAR,5,22.158,3,0.95,False,-11,6,140,183,131,10,http://www.rotoballer.com/nfl/player/25122/Jalen+Coker,,,
167,Denver Broncos,DST,DEN,10,21.955,2,0.55,False,,,,150,176,12,,,,
168,Tre Tucker,WR,LV,13,21.636,2,0.55,False,-16,7,152,,173,12,http://www.rotoballer.com/nfl/player/24177/Tre+Tucker,,,
169,Seattle Seahawks,DST,SEA,11,21.409,2,0.55,False,,,,156,164,11,,,,
170,Geno Smith,QB,NYJ,13,21.075,4,1.0,False,-42,8,203,128,171,12,http://www.rotoballer.com/nfl/player/14895/Geno+Smith,32,TIER 3a (BYE WEEK REPLACEMENTS),98.9
171,Omar Cooper Jr.,WR,NYJ,13,20.636,2,0.55,False,-13,7,145,,199,12,http://www.rotoballer.com/nfl/player/26760/Omar+Cooper+Jr.,,,
172,Michael Penix Jr.,QB,ATL,11,19.975,4,1.0,False,-141,9,231,122,299,15,http://www.rotoballer.com/nfl/player/23242/Michael+Penix+Jr.,34,TIER 3b (BYE WEEK REPLACEMENTS),140.4
173,Oronde Gadsden,TE,LAC,7,19.789,3,0.95,False,-21,7,167,141,209,13,http://www.rotoballer.com/nfl/player/25876/Oronde+Gadsden+II,,,
174,AJ Barner,TE,SEA,11,19.636,2,0.55,False,-16,7,147,,223,13,http://www.rotoballer.com/nfl/player/25106/AJ+Barner,,,
175,Tyler Allgeier,RB,ARI,14,19.026,3,0.95,False,-32,6,187,143,152,11,http://www.rotoballer.com/nfl/player/23250/Tyler+Allgeier,,,
176,Jauan Jennings,WR,MIN,6,18.545,2,0.55,False,-20,7,165,,161,11,http://www.rotoballer.com/nfl/player/21717/Jauan+Jennings,,,
177,Cameron Dicker,K,LAC,7,18.364,2,0.55,False,,,,158,181,12,http://www.rotoballer.com/nfl/player/23567/Cameron+Dicker,,,
178,Philadelphia Eagles,DST,PHI,10,18.182,2,0.55,False,,,,151,264,15,,,,
179,Los Angeles Rams,DST,LAR,11,18.0,2,0.55,False,,,,165,165,11,,,,
180,Rashod Bateman,WR,BAL,13,17.955,2,0.55,False,-17,8,155,,192,12,http://www.rotoballer.com/nfl/player/22623/Rashod+Bateman,,,
181,Brandon Aiyuk,WR,SF,8,17.091,2,0.55,False,,,,154,314,16,http://www.rotoballer.com/nfl/player/21747/Brandon+Aiyuk,,,
182,Mike Washington Jr.,RB,LV,13,17.053,3,0.95,False,-11,8,142,179,232,14,http://www.rotoballer.com/nfl/player/26932/Mike+Washington+Jr.,,,
183,Cam Little,K,JAX,7,17.0,2,0.55,False,,,,164,175,12,http://www.rotoballer.com/nfl/player/24960/Cam+Little,,,
184,Ted Hurst III,WR,TB,10,16.727,2,0.55,False,,,,155,233,14,http://www.rotoballer.com/nfl/player/26807/Ted+Hurst,,,
185,Chig Okonkwo,TE,WAS,7,16.474,3,0.95,False,-17,7,153,185,163,11,http://www.rotoballer.com/nfl/player/23489/Chig+Okonkwo,,,
186,Kenyon Sadiq,TE,NYJ,13,16.211,3,0.95,False,-16,8,148,177,222,13,http://www.rotoballer.com/nfl/player/26755/Kenyon+Sadiq,,,
187,Greg Dulcich,TE,MIA,6,16.0,2,0.55,False,-19,9,157,,220,13,http://www.rotoballer.com/nfl/player/23310/Greg+Dulcich,,,
188,Tyjae Spears,RB,TEN,9,15.773,2,0.55,False,-24,7,173,,160,11,http://www.rotoballer.com/nfl/player/24123/Tyjae+Spears,,,
189,Alvin Kamara,RB,NO,8,15.318,2,0.55,False,-21,7,166,,182,12,http://www.rotoballer.com/nfl/player/18878/Alvin+Kamara,,,
190,Ka'imi Fairbairn,K,HOU,8,14.955,2,0.55,False,,,,170,174,12,http://www.rotoballer.com/nfl/player/18215/Ka%27imi+Fairbairn,,,
191,Baltimore Ravens,DST,BAL,13,14.909,2,0.55,False,,,,160,211,13,,,,
192,Jonah Coleman,RB,DEN,10,14.909,2,0.55,False,-24,7,172,,169,12,http://www.rotoballer.com/nfl/player/25886/Jonah+Coleman,,,
193,Kaelon Black,RB,SF,8,14.909,2,0.55,False,-19,9,160,,218,13,http://www.rotoballer.com/nfl/player/26981/Kaelon+Black,,,
194,Kirk Cousins,QB,LV,13,14.825,4,1.0,False,-151,9,232,148,200,12,http://www.rotoballer.com/nfl/player/14252/Kirk+Cousins,35,TIER 3b (BYE WEEK REPLACEMENTS),128.6
195,Isiah Pacheco,RB,DET,6,14.526,3,0.95,False,-24,7,171,162,203,13,http://www.rotoballer.com/nfl/player/23371/Isiah+Pacheco,,,
196,Malik Washington,WR,MIA,6,14.316,3,0.95,False,-31,8,185,149,230,14,http://www.rotoballer.com/nfl/player/25103/Malik+Washington,,,
197,Adonai Mitchell,WR,NYJ,13,14.263,3,0.95,False,-25,7,174,167,183,12,http://www.rotoballer.com/nfl/player/24954/Adonai+Mitchell,,,
198,Tank Dell,WR,HOU,8,14.045,2,0.55,False,-21,8,168,,186,12,http://www.rotoballer.com/nfl/player/24176/Tank+Dell,,,
199,Cade Otton,TE,TB,10,13.818,2,0.55,False,-20,8,163,,202,13,http://www.rotoballer.com/nfl/player/23134/Cade+Otton,,,
200,Brian Robinson Jr.,RB,ATL,11,13.682,2,0.55,False,-29,7,178,,162,11,http://www.rotoballer.com/nfl/player/23190/Brian+Robinson+Jr.,,,
201,Jerry Jeudy,WR,CLE,11,13.474,3,0.95,False,-17,7,154,184,201,13,http://www.rotoballer.com/nfl/player/21692/Jerry+Jeudy,,,
202,Pittsburgh Steelers,DST,PIT,9,12.727,2,0.55,False,,,,166,208,13,,,,
203,Deshaun Watson,QB,CLE,11,12.1,4,1.0,False,-108,9,229,163,196,12,http://www.rotoballer.com/nfl/player/18857/Deshaun+Watson,36,TIER 3b (BYE WEEK REPLACEMENTS),154.8
204,Bryce Lance,WR,NO,8,12.0,2,0.55,False,,,,168,304,16,http://www.rotoballer.com/nfl/player/26852/Bryce+Lance,,,
205,Tank Bigsby,RB,PHI,10,11.864,2,0.55,False,-34,7,189,,146,11,http://www.rotoballer.com/nfl/player/23193/Tank+Bigsby,,,
206,Tyrone Tracy Jr.,RB,NYG,8,11.818,2,0.55,False,-22,6,170,,197,12,http://www.rotoballer.com/nfl/player/25092/Tyrone+Tracy+Jr.,,,
207,New England Patriots,DST,NE,11,11.636,2,0.55,False,,,,169,284,15,,,,
208,Kaytron Allen,RB,WAS,7,10.526,3,0.95,False,-35,8,191,161,237,14,http://www.rotoballer.com/nfl/player/25939/Kaytron+Allen,,,
209,Jason Myers,K,SEA,11,10.5,1,0.15,False,,,,,180,12,http://www.rotoballer.com/nfl/player/17215/Jason+Myers,,,
210,Minnesota Vikings,DST,MIN,6,10.182,2,0.55,False,,,,173,205,13,,,,
211,Travis Hunter,WR,JAX,7,10.091,2,0.55,False,-28,8,177,,191,12,http://www.rotoballer.com/nfl/player/26056/Travis+Hunter,,,
212,Jacksonville Jaguars,DST,JAX,7,9.818,2,0.55,False,,,,174,207,13,,,,
213,Tre' Harris,WR,LAC,7,9.816,3,0.95,False,-36,8,196,171,170,12,http://www.rotoballer.com/nfl/player/25925/Tre%27+Harris,,,
214,Keaton Mitchell,RB,LAC,7,9.682,2,0.55,False,-39,7,198,,138,10,http://www.rotoballer.com/nfl/player/24214/Keaton+Mitchell,,,
215,Harrison Butker,K,KC,5,9.455,2,0.55,False,,,,175,279,15,http://www.rotoballer.com/nfl/player/19073/Harrison+Butker,,,
216,Kayshon Boutte,WR,NE,11,9.455,2,0.55,False,-26,8,175,,227,13,http://www.rotoballer.com/nfl/player/23121/Kayshon+Boutte,,,
217,Mac Jones,QB,,,9.111,2,0.45,False,-182,11,237,,,,,37,TIER 4 (BEST BACKUPS),226.3
218,Gunnar Helm,TE,TEN,9,9.091,2,0.55,False,-27,8,176,,229,14,http://www.rotoballer.com/nfl/player/25962/Gunnar+Helm,,,
219,Wil Lutz,K,DEN,10,9.091,2,0.55,False,,,,176,326,16,http://www.rotoballer.com/nfl/player/18478/Wil+Lutz,,,
220,Carson Beck,QB,,,9.056,2,0.45,False,-177,10,234,,,,,38,TIER 4 (BEST BACKUPS),201.4
221,Justin Fields,QB,,,9.0,2,0.45,False,-182,11,236,,,,,39,TIER 4 (BEST BACKUPS),272.2
222,Dontayvion Wicks,WR,PHI,10,8.409,2,0.55,False,-29,8,179,,198,12,http://www.rotoballer.com/nfl/player/23253/Dontayvion+Wicks,,,
223,Ryan Flournoy,WR,DAL,14,8.182,2,0.55,False,-36,8,195,,157,11,http://www.rotoballer.com/nfl/player/25124/Ryan+Flournoy,,,
224,Emmett Johnson,RB,KC,5,7.789,3,0.95,False,-30,8,183,182,213,13,http://www.rotoballer.com/nfl/player/26835/Emmett+Johnson,,,
225,Evan Engram,TE,DEN,10,7.636,2,0.55,False,-29,9,180,,258,14,http://www.rotoballer.com/nfl/player/18912/Evan+Engram,,,
226,Tyler Loop,K,BAL,13,7.636,2,0.55,False,,,,180,262,15,http://www.rotoballer.com/nfl/player/26109/Tyler+Loop,,,
227,Colby Parkinson,TE,LAR,11,7.273,2,0.55,False,-30,9,181,,221,13,http://www.rotoballer.com/nfl/player/21807/Colby+Parkinson,,,
228,Tyler Bass,K,BUF,7,7.273,2,0.55,False,,,,181,328,16,http://www.rotoballer.com/nfl/player/22108/Tyler+Bass,,,
229,David Njoku,TE,LAC,7,6.909,2,0.55,False,-30,9,182,,256,14,http://www.rotoballer.com/nfl/player/18876/David+Njoku,,,
230,Braelon Allen,RB,NYJ,13,6.737,3,0.95,False,-31,7,184,186,231,14,http://www.rotoballer.com/nfl/player/24934/Braelon+Allen,,,
231,Devaughn Vele,WR,NO,8,6.5,1,0.15,False,,,,,188,12,http://www.rotoballer.com/nfl/player/25198/Devaughn+Vele,,,
232,MarShawn Lloyd,RB,GB,11,5.864,2,0.55,False,-56,7,212,,158,11,http://www.rotoballer.com/nfl/player/23211/MarShawn+Lloyd,,,
233,Mike Gesicki,TE,CIN,6,5.455,2,0.55,False,-31,10,186,,226,13,http://www.rotoballer.com/nfl/player/19853/Mike+Gesicki,,,
234,Isaac TeSlaa,WR,DET,6,5.182,2,0.55,False,-36,8,192,,187,12,http://www.rotoballer.com/nfl/player/26101/Isaac+TeSlaa,,,
235,Atlanta Falcons,DST,ATL,11,5.091,2,0.55,False,,,,187,372,17,,,,
236,Jaydon Blue,RB,DAL,14,4.5,2,0.55,False,-57,8,214,,168,11,http://www.rotoballer.com/nfl/player/26038/Jaydon+Blue,,,
237,Eddy Piñeiro,K,SF,8,4.364,2,0.55,False,,,,189,251,14,http://www.rotoballer.com/nfl/player/20149/Eddy+Pi%C3%B1eiro,,,
238,Nicholas Singleton,RB,TEN,9,4.211,3,0.95,False,-36,8,194,188,247,14,http://www.rotoballer.com/nfl/player/27045/Nicholas+Singleton,,,
239,Caleb Douglas,WR,MIA,6,4.0,1,0.15,False,,,,,193,12,http://www.rotoballer.com/nfl/player/26862/Caleb+Douglas,,,
240,Jake Elliott,K,PHI,10,4.0,2,0.55,False,,,,190,344,16,http://www.rotoballer.com/nfl/player/19041/Jake+Elliott,,,
241,Troy Franklin,WR,DEN,10,4.0,2,0.55,False,-34,8,190,,238,14,http://www.rotoballer.com/nfl/player/24973/Troy+Franklin,,,
242,Jaylin Noel,WR,HOU,8,3.955,2,0.55,False,-43,8,206,,172,12,http://www.rotoballer.com/nfl/player/25914/Jaylin+Noel,,,
243,Ja'Kobi Lane,WR,BAL,13,3.5,1,0.15,False,,,,,194,12,http://www.rotoballer.com/nfl/player/26746/Ja%27Kobi+Lane,,,
244,Carolina Panthers,DST,CAR,5,3.273,2,0.55,False,,,,192,390,17,,,,
245,Dylan Sampson,RB,CLE,11,3.091,2,0.55,False,-38,7,197,,189,12,http://www.rotoballer.com/nfl/player/25889/Dylan+Sampson,,,
246,Cyrus Allen,WR,KC,5,3.0,1,0.15,False,,,,,195,12,http://www.rotoballer.com/nfl/player/26979/Cyrus+Allen,,,
247,Pat Bryant,WR,DEN,10,3.0,2,0.55,False,-42,8,205,,179,12,http://www.rotoballer.com/nfl/player/25975/Pat+Bryant,,,
248,Evan McPherson,K,CIN,6,2.909,2,0.55,False,,,,193,291,15,http://www.rotoballer.com/nfl/player/22908/Evan+McPherson,,,
249,Mason Taylor,TE,NYJ,13,2.909,2,0.55,False,-36,9,193,,332,16,http://www.rotoballer.com/nfl/player/25963/Mason+Taylor,,,
250,Ray Davis,RB,BUF,7,2.318,2,0.55,False,-66,8,222,,184,12,http://www.rotoballer.com/nfl/player/24980/Ray+Davis,,,
251,Christian Kirk,WR,SF,8,2.182,2,0.55,False,,,,195,253,14,http://www.rotoballer.com/nfl/player/19815/Christian+Kirk,,,
252,Kansas City Chiefs,DST,KC,5,1.818,2,0.55,False,,,,196,300,15,,,,
253,Sean Tucker,RB,TB,10,1.5,2,0.55,False,-65,8,220,,190,12,http://www.rotoballer.com/nfl/player/24194/Sean+Tucker,,,
254,Dallas Cowboys,DST,DAL,14,1.455,2,0.55,False,,,,197,294,15,,,,
255,Cairo Santos,K,CHI,10,1.091,2,0.55,False,,,,198,321,16,http://www.rotoballer.com/nfl/player/16301/Cairo+Santos,,,
256,Chris Boswell,K,PIT,9,0.727,2,0.55,False,,,,199,274,15,http://www.rotoballer.com/nfl/player/16191/Chris+Boswell,,,
257,Theo Johnson,TE,NYG,8,0.727,2,0.55,False,-39,9,199,,295,15,http://www.rotoballer.com/nfl/player/23142/Theo+Johnson,,,
258,Justice Hill,RB,BAL,13,0.364,2,0.55,False,-40,9,200,,239,14,http://www.rotoballer.com/nfl/player/20802/Justice+Hill,,,
259,Malachi Fields,WR,NYG,8,0.364,2,0.55,False,,,,200,212,13,http://www.rotoballer.com/nfl/player/25935/Malachi+Fields,,,
260,Adam Randall,RB,BAL,13,0.0,1,0.15,False,,,,,297,15,http://www.rotoballer.com/nfl/player/26737/Adam+Randall,,,
261,Adam Trautman,TE,DEN,10,0.0,1,0.15,False,,,,,374,17,http://www.rotoballer.com/nfl/player/21786/Adam+Trautman,,,
262,Andrei Iosivas,WR,CIN,6,0.0,1,0.15,False,,,,,235,14,http://www.rotoballer.com/nfl/player/24119/Andrei+Iosivas,,,
263,Andy Borregales,K,NE,11,0.0,1,0.15,False,,,,,350,16,http://www.rotoballer.com/nfl/player/26106/Andy+Borregales,,,
264,Antonio Williams,WR,WAS,7,0.0,1,0.15,False,,,,,250,14,http://www.rotoballer.com/nfl/player/26859/Antonio+Williams,,,
265,Arizona Cardinals,DST,ARI,14,0.0,1,0.15,False,,,,,392,17,,,,
266,Ashton Dulin,WR,IND,13,0.0,1,0.15,False,,,,,383,17,http://www.rotoballer.com/nfl/player/21349/Ashton+Dulin,,,
267,Austin Hooper,TE,ATL,11,0.0,1,0.15,False,,,,,346,16,http://www.rotoballer.com/nfl/player/17963/Austin+Hooper,,,
268,Barion Brown,WR,NO,8,0.0,1,0.15,False,,,,,358,17,http://www.rotoballer.com/nfl/player/25890/Barion+Brown,,,
269,Blake Grupe,K,IND,13,0.0,1,0.15,False,,,,,340,16,http://www.rotoballer.com/nfl/player/24506/Blake+Grupe,,,
270,Brashard Smith,RB,KC,5,0.0,1,0.15,False,,,,,319,16,http://www.rotoballer.com/nfl/player/25899/Brashard+Smith,,,
271,Brenen Thompson,WR,LAC,7,0.0,1,0.15,False,,,,,363,17,http://www.rotoballer.com/nfl/player/26809/Brenen+Thompson,,,
272,Brock Wright,TE,DET,6,0.0,1,0.15,False,,,,,394,17,http://www.rotoballer.com/nfl/player/23010/Brock+Wright,,,
273,Buffalo Bills,DST,BUF,7,0.0,1,0.15,False,,,,,306,16,,,,
274,Cade Stover,TE,HOU,8,0.0,1,0.15,False,,,,,357,17,http://www.rotoballer.com/nfl/player/24986/Cade+Stover,,,
275,Calvin Austin III,WR,NYG,8,0.0,1,0.15,False,,,,,341,16,http://www.rotoballer.com/nfl/player/22566/Calvin+Austin+III,,,
276,Cedric Tillman,WR,CLE,11,0.0,1,0.15,False,,,,,361,17,http://www.rotoballer.com/nfl/player/24348/Cedric+Tillman,,,
277,Chad Ryland,K,ARI,14,0.0,1,0.15,False,,,,,379,17,http://www.rotoballer.com/nfl/player/24436/Chad+Ryland,,,
278,Charlie Kolar,TE,LAC,7,0.0,1,0.15,False,,,,,272,15,http://www.rotoballer.com/nfl/player/23135/Charlie+Kolar,,,
279,Charlie Smyth,K,NO,8,0.0,1,0.15,False,,,,,334,16,http://www.rotoballer.com/nfl/player/25315/Charlie+Smyth,,,
280,Chase McLaughlin,K,TB,10,0.0,1,0.15,False,,,,,285,15,http://www.rotoballer.com/nfl/player/21542/Chase+McLaughlin,,,
281,Chicago Bears,DST,CHI,10,0.0,1,0.15,False,,,,,280,15,,,,
282,Chimere Dike,WR,TEN,9,0.0,1,0.15,False,,,,,246,14,http://www.rotoballer.com/nfl/player/25987/Chimere+Dike,,,
283,Chris Bell,WR,MIA,6,0.0,1,0.15,False,,,,,234,14,http://www.rotoballer.com/nfl/player/26745/Chris+Bell,,,
284,Chris Brooks,RB,GB,11,0.0,2,0.55,False,-59,9,217,,257,14,http://www.rotoballer.com/nfl/player/23192/Chris+Brooks,,,
285,Cincinnati Bengals,DST,CIN,6,0.0,1,0.15,False,,,,,399,17,,,,
286,Cleveland Browns,DST,CLE,11,0.0,1,0.15,False,,,,,362,17,,,,
287,Cole Kmet,TE,CHI,10,0.0,1,0.15,False,,,,,288,15,http://www.rotoballer.com/nfl/player/21772/Cole+Kmet,,,
288,Cooper Kupp,WR,SEA,11,0.0,1,0.15,False,,,,,228,14,http://www.rotoballer.com/nfl/player/18882/Cooper+Kupp,,,
289,DJ Giddens,RB,,,0.0,1,0.4,False,-75,9,227,,,,,,,
290,Daniel Bellinger,TE,TEN,9,0.0,1,0.15,False,,,,,312,16,http://www.rotoballer.com/nfl/player/23485/Daniel+Bellinger,,,
291,Darius Cooper,WR,PHI,10,0.0,1,0.15,False,,,,,337,16,http://www.rotoballer.com/nfl/player/25307/Darius+Cooper,,,
292,Darius Slayton,WR,NYG,8,0.0,1,0.15,False,,,,,260,15,http://www.rotoballer.com/nfl/player/20943/Darius+Slayton,,,
293,Darnell Mooney,WR,NYG,8,0.0,2,0.55,False,-45,8,208,,243,14,http://www.rotoballer.com/nfl/player/21961/Darnell+Mooney,,,
294,Darnell Washington,TE,PIT,9,0.0,1,0.15,False,,,,,266,15,http://www.rotoballer.com/nfl/player/23136/Darnell+Washington,,,
295,Darren Waller,TE,CAR,5,0.0,1,0.15,False,,,,,259,15,http://www.rotoballer.com/nfl/player/16964/Darren+Waller,,,
296,Davis Allen,TE,LAR,11,0.0,1,0.15,False,,,,,396,17,http://www.rotoballer.com/nfl/player/24148/Davis+Allen,,,
297,Dawson Knox,TE,BUF,7,0.0,1,0.15,False,,,,,265,15,http://www.rotoballer.com/nfl/player/20850/Dawson+Knox,,,
298,Demarcus Robinson,WR,SF,8,0.0,1,0.15,False,,,,,292,15,http://www.rotoballer.com/nfl/player/18047/Demarcus+Robinson,,,
299,Demario Douglas,WR,NE,11,0.0,1,0.15,False,,,,,296,15,http://www.rotoballer.com/nfl/player/24180/DeMario+Douglas,,,
300,Demond Claiborne,RB,MIN,6,0.0,2,0.55,False,-41,9,202,,244,14,http://www.rotoballer.com/nfl/player/26764/Demond+Claiborne,,,
301,Detroit Lions,DST,DET,6,0.0,1,0.15,False,,,,,386,17,,,,
302,Devin Neal,RB,NO,8,0.0,1,0.15,False,,,,,325,16,http://www.rotoballer.com/nfl/player/25888/Devin+Neal,,,
303,Devin Singletary,RB,NYG,8,0.0,1,0.15,False,,,,,331,16,http://www.rotoballer.com/nfl/player/20941/Devin+Singletary,,,
304,Dyami Brown,WR,WAS,7,0.0,1,0.15,False,,,,,370,17,http://www.rotoballer.com/nfl/player/22686/Dyami+Brown,,,
305,Eli Raridon,TE,NE,11,0.0,1,0.15,False,,,,,317,16,http://www.rotoballer.com/nfl/player/26863/Eli+Raridon,,,
306,Eli Stowers,TE,PHI,10,0.0,2,0.55,False,-53,9,210,,322,16,http://www.rotoballer.com/nfl/player/26757/Eli+Stowers,,,
307,Elic Ayomanor,WR,TEN,9,0.0,1,0.15,False,,,,,277,15,http://www.rotoballer.com/nfl/player/25964/Elic+Ayomanor,,,
308,Elijah Arroyo,TE,SEA,11,0.0,1,0.15,False,,,,,318,16,http://www.rotoballer.com/nfl/player/26032/Elijah+Arroyo,,,
309,Elijah Higgins,TE,ARI,14,0.0,1,0.15,False,,,,,356,17,http://www.rotoballer.com/nfl/player/24449/Elijah+Higgins,,,
310,Elijah Sarratt,WR,BAL,13,0.0,1,0.15,False,,,,,310,16,http://www.rotoballer.com/nfl/player/25892/Elijah+Sarratt,,,
311,Emanuel Wilson,RB,SEA,11,0.0,2,0.55,False,-57,8,213,,240,14,http://www.rotoballer.com/nfl/player/24309/Emanuel+Wilson,,,
312,Emari Demercado,RB,KC,5,0.0,1,0.15,False,,,,,290,15,http://www.rotoballer.com/nfl/player/24609/Emari+Demercado,,,
313,Erick All Jr.,TE,CIN,6,0.0,1,0.15,False,,,,,324,16,http://www.rotoballer.com/nfl/player/25208/Erick+All+Jr.,,,
314,George Holani,RB,SEA,11,0.0,2,0.55,False,-65,8,219,,289,15,http://www.rotoballer.com/nfl/player/23196/George+Holani,,,
315,Germie Bernard,WR,PIT,9,0.0,1,0.15,False,,,,,219,13,http://www.rotoballer.com/nfl/player/26750/Germie+Bernard,,,
316,Green Bay Packers,DST,GB,11,0.0,1,0.15,False,,,,,352,17,,,,
317,Greg Dortch,WR,DET,6,0.0,1,0.15,False,,,,,271,15,http://www.rotoballer.com/nfl/player/21071/Greg+Dortch,,,
318,Harrison Mevis,K,LAR,11,0.0,1,0.15,False,,,,,281,15,http://www.rotoballer.com/nfl/player/25119/Harrison+Mevis,,,
319,Haynes King,QB,CAR,5,0.0,1,0.15,False,,,,,311,16,http://www.rotoballer.com/nfl/player/28047/Haynes+King,,,
320,Indianapolis Colts,DST,IND,13,0.0,1,0.15,False,,,,,359,17,,,,
321,Isaiah Davis,RB,NYJ,13,0.0,2,0.55,False,-69,9,225,,293,15,http://www.rotoballer.com/nfl/player/25064/Isaiah+Davis,,,
322,Ja'Tavion Sanders,TE,CAR,5,0.0,1,0.15,False,,,,,360,17,http://www.rotoballer.com/nfl/player/24947/Ja%27Tavion+Sanders,,,
323,Jack Bech,WR,LV,13,0.0,1,0.15,False,,,,,248,14,http://www.rotoballer.com/nfl/player/25894/Jack+Bech,,,
324,Jacob Cowing,WR,SF,8,0.0,1,0.15,False,,,,,371,17,http://www.rotoballer.com/nfl/player/24981/Jacob+Cowing,,,
325,Jahan Dotson,WR,ATL,11,0.0,1,0.15,False,,,,,252,14,http://www.rotoballer.com/nfl/player/23155/Jahan+Dotson,,,
326,Jahdae Walker,WR,CHI,10,0.0,1,0.15,False,,,,,369,17,http://www.rotoballer.com/nfl/player/26476/Jahdae+Walker,,,
327,Jake Bates,K,DET,6,0.0,1,0.15,False,,,,,269,15,http://www.rotoballer.com/nfl/player/24530/Jake+Bates,,,
328,Jake Tonges,TE,SF,8,0.0,1,0.15,False,,,,,316,16,http://www.rotoballer.com/nfl/player/23662/Jake+Tonges,,,
329,Jalen Tolbert,WR,MIA,6,0.0,1,0.15,False,,,,,245,14,http://www.rotoballer.com/nfl/player/22597/Jalen+Tolbert,,,
330,James Conner,RB,ARI,14,0.0,2,0.55,False,-58,8,215,,215,13,http://www.rotoballer.com/nfl/player/18983/James+Conner,,,
331,Jarquez Hunter,RB,LAR,11,0.0,1,0.15,False,,,,,305,16,http://www.rotoballer.com/nfl/player/24990/Jarquez+Hunter,,,
332,Jaylen Wright,RB,MIA,6,0.0,2,0.55,False,-58,8,216,,286,15,http://www.rotoballer.com/nfl/player/24923/Jaylen+Wright,,,
333,Jaylin Lane,WR,WAS,7,0.0,1,0.15,False,,,,,353,17,http://www.rotoballer.com/nfl/player/25976/Jaylin+Lane,,,
334,Jerome Ford,RB,WAS,7,0.0,1,0.15,False,,,,,327,16,http://www.rotoballer.com/nfl/player/23205/Jerome+Ford,,,
335,Joey Slye,K,TEN,9,0.0,1,0.15,False,,,,,378,17,http://www.rotoballer.com/nfl/player/21519/Joey+Slye,,,
336,John Bates,TE,WAS,7,0.0,1,0.15,False,,,,,373,17,http://www.rotoballer.com/nfl/player/22657/John+Bates,,,
337,Jordan James,RB,SF,8,0.0,2,0.55,False,-42,9,204,,225,13,http://www.rotoballer.com/nfl/player/25903/Jordan+James,,,
338,Jordan Whittington,WR,LAR,11,0.0,1,0.15,False,,,,,354,17,http://www.rotoballer.com/nfl/player/25201/Jordan+Whittington,,,
339,Josh Oliver,TE,MIN,6,0.0,1,0.15,False,,,,,389,17,http://www.rotoballer.com/nfl/player/20899/Josh+Oliver,,,
340,Joshua Palmer,WR,BUF,7,0.0,1,0.15,False,,,,,268,15,http://www.rotoballer.com/nfl/player/22613/Joshua+Palmer,,,
341,Justin Watson,WR,HOU,8,0.0,1,0.15,False,,,,,365,17,http://www.rotoballer.com/nfl/player/19922/Justin+Watson,,,
342,KaVontae Turpin,WR,DAL,14,0.0,1,0.15,False,,,,,276,15,http://www.rotoballer.com/nfl/player/24068/KaVontae+Turpin,,,
343,Kaleb Johnson,RB,PIT,9,0.0,1,0.15,False,,,,,315,16,http://www.rotoballer.com/nfl/player/26040/Kaleb+Johnson,,,
344,Kalif Raymond,WR,CHI,10,0.0,1,0.15,False,,,,,249,14,http://www.rotoballer.com/nfl/player/18422/Kalif+Raymond,,,
345,Kendrick Bourne,WR,ARI,14,0.0,1,0.15,False,,,,,255,14,http://www.rotoballer.com/nfl/player/19318/Kendrick+Bourne,,,
346,Keon Coleman,WR,BUF,7,0.0,1,0.15,False,,,,,298,15,http://www.rotoballer.com/nfl/player/24964/Keon+Coleman,,,
347,Kimani Vidal,RB,LAC,7,0.0,2,0.55,False,-55,8,211,,263,15,http://www.rotoballer.com/nfl/player/25079/Kimani+Vidal,,,
348,Konata Mumpfield,WR,LAR,11,0.0,1,0.15,False,,,,,348,16,http://www.rotoballer.com/nfl/player/25001/Konata+Mumpfield,,,
349,Kyle Juszczyk,RB,SF,8,0.0,1,0.15,False,,,,,336,16,http://www.rotoballer.com/nfl/player/14901/Kyle+Juszczyk,,,
350,Kyle Williams,WR,NE,11,0.0,1,0.15,False,,,,,364,17,http://www.rotoballer.com/nfl/player/25912/Kyle+Williams,,,
351,Las Vegas Raiders,DST,LV,13,0.0,1,0.15,False,,,,,376,17,,,,
352,LeQuint Allen Jr.,RB,JAX,7,0.0,2,0.55,False,-73,9,226,,320,16,http://www.rotoballer.com/nfl/player/25986/LeQuint+Allen+Jr.,,,
353,Los Angeles Chargers,DST,LAC,7,0.0,1,0.15,False,,,,,210,13,,,,
354,Luke Farrell,TE,SF,8,0.0,1,0.15,False,,,,,398,17,http://www.rotoballer.com/nfl/player/21795/Luke+Farrell,,,
355,Luke Schoonmaker,TE,DAL,14,0.0,1,0.15,False,,,,,349,16,http://www.rotoballer.com/nfl/player/24288/Luke+Schoonmaker,,,
356,Mack Hollins,WR,NE,11,0.0,1,0.15,False,,,,,242,14,http://www.rotoballer.com/nfl/player/19023/Mack+Hollins,,,
357,Malik Davis,RB,DAL,14,0.0,2,0.55,False,-66,9,221,,339,16,http://www.rotoballer.com/nfl/player/23880/Malik+Davis,,,
358,Marquise Brown,WR,KC,10,0.0,1,0.15,False,,,,,273,15,http://www.rotoballer.com/nfl/player/21045/Marquise+Brown,,,
359,Marvin Mims Jr.,WR,DEN,10,0.0,1,0.15,False,,,,,270,15,http://www.rotoballer.com/nfl/player/23165/Marvin+Mims+Jr.,,,
360,Matt Gay,K,LV,13,0.0,1,0.15,False,,,,,366,17,http://www.rotoballer.com/nfl/player/20769/Matt+Gay,,,
361,Matthew Hibner,TE,,,0.0,1,0.15,False,,,,,351,17,http://www.rotoballer.com/nfl/player/26976/Matthew+Hibner,,,
362,Max Klare,TE,LAR,11,0.0,1,0.15,False,,,,,377,17,http://www.rotoballer.com/nfl/player/26753/Max+Klare,,,
363,Miami Dolphins,DST,MIA,6,0.0,1,0.15,False,,,,,395,17,,,,
364,Michael Mayer,TE,LV,13,0.0,1,0.15,False,,,,,254,14,http://www.rotoballer.com/nfl/player/23140/Michael+Mayer,,,
365,Mitchell Evans,TE,CAR,5,0.0,1,0.15,False,,,,,388,17,http://www.rotoballer.com/nfl/player/25875/Mitchell+Evans,,,
366,Najee Harris,RB,NYG,8,0.0,1,0.15,False,,,,,214,13,http://www.rotoballer.com/nfl/player/21768/Najee+Harris,,,
367,Nate Boerkircher,TE,JAX,7,0.0,1,0.15,False,,,,,355,17,http://www.rotoballer.com/nfl/player/26943/Nate+Boerkircher,,,
368,New Orleans Saints,DST,NO,8,0.0,1,0.15,False,,,,,385,17,,,,
369,New York Giants,DST,NYG,8,0.0,1,0.15,False,,,,,301,16,,,,
370,New York Jets,DST,NYJ,13,0.0,1,0.15,False,,,,,380,17,,,,
371,Nick Folk,K,ATL,11,0.0,1,0.15,False,,,,,367,17,http://www.rotoballer.com/nfl/player/11694/Nick+Folk,,,
372,Nick Westbrook-Ikhine,WR,IND,13,0.0,1,0.15,False,,,,,335,16,http://www.rotoballer.com/nfl/player/21734/Nick+Westbrook-Ikhine,,,
373,Noah Fant,TE,NO,8,0.0,1,0.15,False,,,,,333,16,http://www.rotoballer.com/nfl/player/20753/Noah+Fant,,,
374,Noah Gray,TE,KC,5,0.0,1,0.15,False,,,,,287,15,http://www.rotoballer.com/nfl/player/21785/Noah+Gray,,,
375,Odell Beckham Jr.,WR,NYG,8,0.0,1,0.15,False,,,,,329,16,http://www.rotoballer.com/nfl/player/16389/Odell+Beckham+Jr.,,,
376,Olamide Zaccheaus,WR,ATL,11,0.0,1,0.15,False,,,,,338,16,http://www.rotoballer.com/nfl/player/21142/Olamide+Zaccheaus,,,
377,Ollie Gordon II,RB,MIA,6,0.0,2,0.55,False,-68,9,223,,308,16,http://www.rotoballer.com/nfl/player/25953/Ollie+Gordon+II,,,
378,Oscar Delp,TE,NO,8,0.0,2,0.55,False,-63,8,218,,343,16,http://www.rotoballer.com/nfl/player/25971/Oscar+Delp,,,
379,Phil Mafah,RB,DAL,14,0.0,1,0.15,False,,,,,382,17,http://www.rotoballer.com/nfl/player/25955/Phil+Mafah,,,
380,Riley Patterson,K,MIA,6,0.0,1,0.15,False,,,,,384,17,http://www.rotoballer.com/nfl/player/22863/Riley+Patterson,,,
381,Ryan Fitzgerald,K,CAR,5,0.0,1,0.15,False,,,,,381,17,http://www.rotoballer.com/nfl/player/26108/Ryan+Fitzgerald,,,
382,Samaje Perine,RB,CIN,6,0.0,2,0.55,False,-40,9,201,,206,13,http://www.rotoballer.com/nfl/player/18993/Samaje+Perine,,,
383,San Francisco 49ers,DST,SF,8,0.0,1,0.15,False,,,,,307,16,,,,
384,Savion Williams,WR,GB,11,0.0,1,0.15,False,,,,,397,17,http://www.rotoballer.com/nfl/player/26105/Savion+Williams,,,
385,Seth McGowan,RB,IND,13,0.0,1,0.15,False,,,,,217,13,http://www.rotoballer.com/nfl/player/26942/Seth+McGowan,,,
386,Skyler Bell,WR,BUF,7,0.0,1,0.15,False,,,,,309,16,http://www.rotoballer.com/nfl/player/26799/Skyler+Bell,,,
387,Tampa Bay Buccaneers,DST,TB,10,0.0,1,0.15,False,,,,,342,16,,,,
388,Tanner Hudson,TE,CIN,6,0.0,1,0.15,False,,,,,387,17,http://www.rotoballer.com/nfl/player/20506/Tanner+Hudson,,,
389,Tennessee Titans,DST,TEN,9,0.0,1,0.15,False,,,,,347,16,,,,
390,Tez Johnson,WR,TB,10,0.0,1,0.15,False,,,,,283,15,http://www.rotoballer.com/nfl/player/25934/Tez+Johnson,,,
391,Tommy Tremble,TE,CAR,5,0.0,1,0.15,False,,,,,375,17,http://www.rotoballer.com/nfl/player/22662/Tommy+Tremble,,,
392,Tory Horton,WR,SEA,11,0.0,1,0.15,False,,,,,267,15,http://www.rotoballer.com/nfl/player/24989/Tory+Horton,,,
393,Trevor Etienne,RB,CAR,5,0.0,1,0.15,False,,,,,303,16,http://www.rotoballer.com/nfl/player/25948/Trevor+Etienne,,,
394,Trey Benson,RB,ARI,14,0.0,1,0.15,False,,,,,391,17,http://www.rotoballer.com/nfl/player/24292/Trey+Benson,,,
395,Trey Smack,K,GB,11,0.0,1,0.15,False,,,,,313,16,http://www.rotoballer.com/nfl/player/28107/Trey+Smack,,,
396,Treylon Burks,WR,WAS,7,0.0,1,0.15,False,,,,,278,15,http://www.rotoballer.com/nfl/player/23119/Treylon+Burks,,,
397,Tutu Atwell,WR,MIA,6,0.0,1,0.15,False,,,,,323,16,http://www.rotoballer.com/nfl/player/22602/Tutu+Atwell,,,
398,Ty Johnson,RB,BUF,7,0.0,2,0.55,False,-48,9,209,,241,14,http://www.rotoballer.com/nfl/player/20837/Ty+Johnson,,,
399,Ty Simpson,QB,LAR,11,0.0,2,0.55,False,-177,11,235,,330,16,http://www.rotoballer.com/nfl/player/26739/Ty+Simpson,,,
400,Tyler Conklin,TE,DET,6,0.0,1,0.15,False,,,,,393,17,http://www.rotoballer.com/nfl/player/19988/Tyler+Conklin,,,
401,Tyler Higbee,TE,LAR,11,0.0,1,0.15,False,,,,,368,17,http://www.rotoballer.com/nfl/player/18032/Tyler+Higbee,,,
402,Tyquan Thornton,WR,KC,5,0.0,1,0.15,False,,,,,302,16,http://www.rotoballer.com/nfl/player/23469/Tyquan+Thornton,,,
403,Washington Commanders,DST,WAS,7,0.0,1,0.15,False,,,,,400,17,,,,
404,Will Reichard,K,MIN,6,0.0,1,0.15,False,,,,,275,15,http://www.rotoballer.com/nfl/player/25113/Will+Reichard,,,
405,Will Shipley,RB,PHI,10,0.0,1,0.15,False,,,,,345,16,http://www.rotoballer.com/nfl/player/25102/Will+Shipley,,,
406,Xavier Hutchinson,WR,HOU,8,0.0,1,0.15,False,,,,,236,14,http://www.rotoballer.com/nfl/player/24347/Xavier+Hutchinson,,,
407,Xavier Legette,WR,CAR,5,0.0,1,0.15,False,,,,,282,15,http://www.rotoballer.com/nfl/player/25003/Xavier+Legette,,,
