season,round,pick_in_round,overall_pick,manager,player,keeper_flag,position,nominal_slot,home_slot,slot_deviation,anomaly_type
2018,1,1,1,Ori,Todd Gurley,False,RB,1,1,False,
2018,1,2,2,Big Leiber,Le'Veon Bell,False,RB,2,2,False,
2018,1,3,3,Jeff,Ezekiel Elliott,False,RB,3,3,False,
2018,1,4,4,Greenspan,Antonio Brown,False,WR,4,4,False,
2018,1,5,5,Nalick,David Johnson,False,TE,5,5,False,
2018,1,6,6,Danziger,Alvin Kamara,False,RB,6,6,False,
2018,1,7,7,Tompkins,Aaron Rodgers,False,QB,7,7,False,
2018,1,8,8,Goldberg,Leonard Fournette,False,RB,8,8,False,
2018,1,9,9,Barry,Saquon Barkley,False,RB,9,9,False,
2018,1,10,10,Abe,Odell Beckham Jr.,False,WR,10,10,False,
2018,2,1,11,Abe,Kareem Hunt,False,RB,10,10,False,
2018,2,2,12,Barry,Julio Jones,False,WR,9,9,False,
2018,2,3,13,Goldberg,Melvin Gordon III,False,RB,8,8,False,
2018,2,4,14,Tompkins,Michael Thomas,False,WR,7,7,False,
2018,2,5,15,Danziger,Dalvin Cook,False,RB,6,6,False,
2018,2,6,16,Nalick,Keenan Allen,False,WR,5,5,False,
2018,2,7,17,Greenspan,Russell Wilson,False,QB,4,4,False,
2018,2,8,18,Jeff,DeAndre Hopkins,False,WR,3,3,False,
2018,2,9,19,Big Leiber,Tom Brady,False,QB,2,2,False,
2018,2,10,20,Ori,Drew Brees,False,QB,1,1,False,
2018,3,1,21,Ori,Davante Adams,False,WR,1,1,False,
2018,3,2,22,Big Leiber,A.J. Green,False,WR,2,2,False,
2018,3,3,23,Jeff,Tyreek Hill,False,WR,3,3,False,
2018,3,4,24,Greenspan,Rob Gronkowski,False,TE,4,4,False,
2018,3,5,25,Nalick,Travis Kelce,False,TE,5,5,False,
2018,3,6,26,Danziger,Jordan Howard,False,RB,6,6,False,
2018,3,7,27,Tompkins,Christian McCaffrey,False,RB,7,7,False,
2018,3,8,28,Goldberg,Cam Newton,False,QB,8,8,False,
2018,3,9,29,Barry,Devonta Freeman,False,RB,9,9,False,
2018,3,10,30,Abe,Mike Evans,False,WR,10,10,False,
2018,4,1,31,Abe,Joe Mixon,False,RB,10,10,False,
2018,4,2,32,Barry,Carson Wentz,False,QB,9,9,False,
2018,4,3,33,Goldberg,T.Y. Hilton,False,WR,8,8,False,
2018,4,4,34,Tompkins,Royce Freeman,False,RB,7,7,False,
2018,4,5,35,Danziger,Kirk Cousins,False,QB,6,6,False,
2018,4,6,36,Nalick,Amari Cooper,False,WR,5,5,False,
2018,4,7,37,Greenspan,JuJu Smith-Schuster,False,WR,4,4,False,
2018,4,8,38,Jeff,Ben Roethlisberger,False,QB,3,3,False,
2018,4,9,39,Big Leiber,Andrew Luck,False,QB,2,2,False,
2018,4,10,40,Ori,Alex Collins,False,RB,1,1,False,
2018,5,1,41,Ori,Stefon Diggs,False,WR,1,1,False,
2018,5,2,42,Big Leiber,Larry Fitzgerald,False,WR,2,2,False,
2018,5,3,43,Jeff,Kenyan Drake,False,RB,3,3,False,
2018,5,4,44,Greenspan,Jarvis Landry,False,WR,4,4,False,
2018,5,5,45,Nalick,Derrick Henry,False,RB,5,5,False,
2018,5,6,46,Danziger,Marvin Jones Jr.,False,WR,6,6,False,
2018,5,7,47,Tompkins,Matthew Stafford,False,QB,7,7,False,
2018,5,8,48,Goldberg,Doug Baldwin,False,WR,8,8,False,
2018,5,9,49,Barry,Philip Rivers,False,QB,9,9,False,
2018,5,10,50,Abe,Jimmy Garoppolo,False,QB,10,10,False,
2018,6,1,51,Abe,Jared Goff,False,QB,10,10,False,
2018,6,2,52,Barry,Jay Ajayi,False,RB,9,9,False,
2018,6,3,53,Goldberg,Alex Smith,False,QB,8,8,False,
2018,6,4,54,Tompkins,LeSean McCoy,False,RB,7,7,False,
2018,6,5,55,Danziger,Demaryius Thomas,False,WR,6,6,False,
2018,6,6,56,Nalick,Matt Ryan,False,QB,5,5,False,
2018,6,7,57,Greenspan,Lamar Miller,False,RB,4,4,False,
2018,6,8,58,Jeff,Josh Gordon,False,WR,3,3,False,
2018,6,9,59,Big Leiber,Allen Robinson,False,WR,2,2,False,
2018,6,10,60,Ori,Golden Tate,False,WR,1,1,False,
2018,7,1,61,Ori,Marcus Mariota,False,QB,1,1,False,
2018,7,2,62,Big Leiber,Rex Burkhead,False,RB,2,2,False,
2018,7,3,63,Jeff,Patrick Mahomes,True,QB,3,3,False,
2018,7,4,64,Greenspan,Chris Hogan,False,WR,4,4,False,
2018,7,5,65,Nalick,Zach Ertz,True,TE,5,5,False,
2018,7,6,66,Danziger,Jimmy Graham,False,TE,6,6,False,
2018,7,7,67,Tompkins,Mark Ingram II,False,WR,7,7,False,
2018,7,8,68,Goldberg,Brandin Cooks,False,WR,8,8,False,
2018,7,9,69,Barry,Greg Olsen,False,TE,9,9,False,
2018,7,10,70,Abe,Kyle Rudolph,False,TE,10,10,False,
2018,8,1,71,Abe,Marquise Goodwin,False,WR,10,10,False,
2018,8,2,72,Barry,Emmanuel Sanders,False,WR,9,9,False,
2018,8,3,73,Goldberg,Dak Prescott,False,QB,8,8,False,
2018,8,4,74,Tompkins,Michael Crabtree,False,WR,7,7,False,
2018,8,5,75,Danziger,Devin Funchess,False,WR,6,6,False,
2018,8,6,76,Nalick,Derek Carr,False,QB,5,5,False,
2018,8,7,77,Greenspan,Marshawn Lynch,False,RB,4,4,False,
2018,8,8,78,Jeff,Alfred Morris,False,RB,3,3,False,
2018,8,9,79,Big Leiber,Dion Lewis,False,RB,2,2,False,
2018,8,10,80,Ori,Carlos Hyde,False,RB,1,1,False,
2018,9,1,81,Ori,Corey Davis,False,WR,1,1,False,
2018,9,2,82,Big Leiber,Adam Thielen,False,WR,2,2,False,
2018,9,3,83,Jeff,Nelson Agholor,False,WR,3,3,False,
2018,9,4,84,Greenspan,Jamaal Williams,False,RB,4,4,False,
2018,9,5,85,Nalick,Chris Carson,True,RB,5,5,False,
2018,9,6,86,Danziger,Alshon Jeffery,False,WR,6,6,False,
2018,9,7,87,Tompkins,Evan Engram,False,TE,7,7,False,
2018,9,8,88,Goldberg,Delanie Walker,False,TE,8,8,False,
2018,9,9,89,Barry,Blake Bortles,False,QB,9,9,False,
2018,9,10,90,Abe,Tevin Coleman,False,RB,10,10,False,
2018,10,1,91,Abe,Robert Woods,False,WR,10,10,False,
2018,10,2,92,Barry,Robbie Chosen,False,WR,9,9,False,
2018,10,3,93,Goldberg,Isaiah Crowell,False,RB,8,8,False,
2018,10,4,94,Tompkins,Cooper Kupp,False,WR,7,7,False,
2018,10,5,95,Danziger,Deshaun Watson,True,QB,6,6,False,
2018,10,6,96,Nalick,Jameis Winston,False,QB,5,5,False,
2018,10,7,97,Greenspan,Case Keenum,False,QB,4,4,False,
2018,10,8,98,Jeff,Eli Manning,False,QB,3,3,False,
2018,10,9,99,Big Leiber,Kerryon Johnson,False,RB,2,2,False,
2018,10,10,100,Ori,Sammy Watkins,False,WR,1,1,False,
2018,11,1,101,Ori,Mitchell Trubisky,False,QB,1,1,False,
2018,11,2,102,Big Leiber,Tyrod Taylor,False,QB,2,2,False,
2018,11,3,103,Jeff,Trey Burton,False,TE,3,3,False,
2018,11,4,104,Greenspan,Will Fuller V,False,WR,4,4,False,
2018,11,5,105,Nalick,Kenny Stills,False,WR,5,5,False,
2018,11,6,106,Danziger,Pierre Garcon,False,WR,6,6,False,
2018,11,7,107,Tompkins,Jordy Nelson,False,WR,7,7,False,
2018,11,8,108,Goldberg,Marlon Mack,True,RB,8,8,False,
2018,11,9,109,Barry,Kenneth Barber,False,UNKNOWN,9,9,False,
2018,11,10,110,Abe,Tarik Cohen,False,RB,10,10,False,
2018,12,1,111,Abe,Sterling Shepard,False,WR,10,10,False,
2018,12,2,112,Barry,Julian Edelman,False,WR,9,9,False,
2018,12,3,113,Goldberg,Jamison Crowder,False,WR,8,8,False,
2018,12,4,114,Tompkins,Tyler Lockett,False,WR,7,7,False,
2018,12,5,115,Danziger,Latavius Murray,False,RB,6,6,False,
2018,12,6,116,Nalick,Aaron Jones Sr.,False,RB,5,5,False,
2018,12,7,117,Greenspan,Adrian Peterson,False,RB,4,4,False,
2018,12,8,118,Jeff,Andy Dalton,False,QB,3,3,False,
2018,12,9,119,Big Leiber,Rashaad Penny,False,RB,2,2,False,
2018,12,10,120,Ori,Jordan Reed,False,TE,1,1,False,
2018,13,1,121,Ori,Sony Michel,True,RB,1,1,False,
2018,13,2,122,Big Leiber,Randall Cobb,False,WR,2,2,False,
2018,13,3,123,Jeff,George Kittle,False,TE,3,3,False,
2018,13,4,124,Greenspan,Sam Darnold,False,QB,4,4,False,
2018,13,5,125,Nalick,David Njoku,False,TE,5,5,False,
2018,13,6,126,Danziger,Nick Chubb,False,RB,6,6,False,
2018,13,7,127,Tompkins,Jacksonville,False,DST,7,7,False,
2018,13,8,128,Goldberg,Ronald Jones,False,RB,8,8,False,
2018,13,9,129,Barry,Minnesota,False,DST,9,9,False,
2018,13,10,130,Abe,Chris Thompson,False,RB,10,10,False,
2018,14,1,131,Abe,Philadelphia,False,DST,10,10,False,
2018,14,2,132,Barry,Kenny Golladay,True,WR,9,9,False,
2018,14,3,133,Goldberg,Jack Doyle,False,TE,8,8,False,
2018,14,4,134,Tompkins,Baker Mayfield,True,QB,7,7,False,
2018,14,5,135,Danziger,Los Angeles,False,DST,6,6,False,
2018,14,6,136,Nalick,Los Angeles,False,DST,5,5,False,
2018,14,7,137,Greenspan,Jerick McKinnon,False,RB,4,4,False,
2018,14,8,138,Jeff,Baltimore,False,DST,3,3,False,
2018,14,9,139,Big Leiber,Denver,False,DST,2,2,False,
2018,14,10,140,Ori,Kelvin Benjamin,False,WR,1,1,False,
2018,15,1,141,Ori,Matt Breida,False,RB,1,1,False,
2018,15,2,142,Big Leiber,Anthony Miller,False,WR,2,2,False,
2018,15,3,143,Jeff,Greg Zuerlein,False,K,3,3,False,
2018,15,4,144,Greenspan,Lamar Jackson,False,QB,4,4,False,
2018,15,5,145,Nalick,Bilal Powell,False,RB,5,5,False,
2018,15,6,146,Danziger,James White,False,RB,6,6,False,
2018,15,7,147,Tompkins,Keelan Cole Sr.,False,WR,7,7,False,
2018,15,8,148,Goldberg,Stephen Gostkowski,False,K,8,8,False,
2018,15,9,149,Barry,Justin Tucker,False,K,9,9,False,
2018,15,10,150,Abe,Danny Amendola,False,WR,10,10,False,
2018,16,1,151,Abe,Daniel Carlson,False,K,10,10,False,
2018,16,2,152,Barry,Duke Johnson,False,RB,9,9,False,
2018,16,3,153,Goldberg,Houston,False,DST,8,8,False,
2018,16,4,154,Tompkins,Jordan Wilkins,False,RB,7,7,False,
2018,16,5,155,Danziger,Jake Elliott,False,K,6,6,False,
2018,16,6,156,Nalick,Wil Lutz,False,K,5,5,False,
2018,16,7,157,Greenspan,James Conner,True,RB,4,4,False,
2018,16,8,158,Jeff,Ameer Abdullah,False,RB,3,3,False,
2018,16,9,159,Big Leiber,Allen Hurns,False,WR,2,2,False,
2018,16,10,160,Ori,New Orleans,False,DST,1,1,False,
2018,17,1,161,Ori,Matt Bryant,False,K,1,1,False,
2018,17,2,162,Big Leiber,Chris Boswell,False,K,2,2,False,
2018,17,3,163,Jeff,DeSean Jackson,False,WR,3,3,False,
2018,17,4,164,Greenspan,Green Bay,False,DST,4,4,False,
2018,17,5,165,Nalick,John Brown,False,WR,5,5,False,
2018,17,6,166,Danziger,Mason Rudolph,False,QB,6,6,False,
2018,17,7,167,Tompkins,Matt Prater,False,K,7,7,False,
2018,17,8,168,Goldberg,Austin Ekeler,False,RB,8,8,False,
2018,17,9,169,Barry,Dede Westbrook,False,WR,9,9,False,
2018,17,10,170,Abe,Spencer Ware,False,RB,10,10,False,
2019,1,1,1,Ori,Saquon Barkley,False,RB,1,1,False,
2019,1,2,2,Nalick,Alvin Kamara,False,RB,2,2,False,
2019,1,3,3,Big Leiber,Christian McCaffrey,False,RB,3,3,False,
2019,1,4,4,Jeff,DeAndre Hopkins,False,WR,4,4,False,
2019,1,5,5,Tompkins,Ezekiel Elliott,False,RB,5,5,False,
2019,1,6,6,Danziger,Dalvin Cook,False,RB,6,6,False,
2019,1,7,7,Greenspan,David Johnson,False,TE,7,7,False,
2019,1,8,8,Barry,Davante Adams,False,WR,8,8,False,
2019,1,9,9,Goldberg,Le'Veon Bell,False,RB,9,9,False,
2019,1,10,10,Abe,Nick Chubb,False,RB,10,10,False,
2019,2,1,11,Abe,Michael Thomas,False,WR,10,10,False,
2019,2,2,12,Goldberg,Julio Jones,False,WR,9,9,False,
2019,2,3,13,Barry,Travis Kelce,False,TE,8,8,False,
2019,2,4,14,Greenspan,Joe Mixon,False,RB,7,7,False,
2019,2,5,15,Danziger,JuJu Smith-Schuster,False,WR,6,6,False,
2019,2,6,16,Barry,Odell Beckham Jr.,False,WR,5,8,True,confirmed-traded-pick
2019,2,7,17,Greenspan,Mike Evans,False,WR,4,7,True,confirmed-traded-pick
2019,2,8,18,Big Leiber,Tyreek Hill,False,WR,3,3,False,
2019,2,9,19,Nalick,Damien Williams,False,RB,2,2,False,
2019,2,10,20,Ori,Aaron Rodgers,False,QB,1,1,False,
2019,3,1,21,Barry,Todd Gurley,False,RB,1,8,True,confirmed-traded-pick
2019,3,2,22,Nalick,Keenan Allen,False,WR,2,2,False,
2019,3,3,23,Big Leiber,Leonard Fournette,False,RB,3,3,False,
2019,3,4,24,Big Leiber,Amari Cooper,False,WR,4,3,True,confirmed-traded-pick
2019,3,5,25,Tompkins,Antonio Brown,False,WR,5,5,False,
2019,3,6,26,Danziger,Mike Williams,False,WR,6,6,False,
2019,3,7,27,Greenspan,Adam Thielen,False,WR,7,7,False,
2019,3,8,28,Barry,Kerryon Johnson,False,RB,8,8,False,
2019,3,9,29,Goldberg,George Kittle,False,TE,9,9,False,
2019,3,10,30,Abe,Aaron Jones Sr.,False,RB,10,10,False,
2019,4,1,31,Abe,Stefon Diggs,False,WR,10,10,False,
2019,4,2,32,Goldberg,Matt Ryan,False,QB,9,9,False,
2019,4,3,33,Tompkins,Devonta Freeman,False,RB,8,5,True,confirmed-traded-pick
2019,4,4,34,Jeff,Duke Johnson,False,RB,7,4,True,confirmed-traded-pick
2019,4,5,35,Danziger,Derrick Henry,False,RB,6,6,False,
2019,4,6,36,Tompkins,Mark Ingram II,False,WR,5,5,False,
2019,4,7,37,Jeff,Patrick Mahomes,True,QB,4,4,False,
2019,4,8,38,Big Leiber,Russell Wilson,False,QB,3,3,False,
2019,4,9,39,Nalick,Chris Godwin Jr.,False,WR,2,2,False,
2019,4,10,40,Ori,Tyler Lockett,False,WR,1,1,False,
2019,5,1,41,Ori,David Montgomery,False,RB,1,1,False,
2019,5,2,42,Barry,Josh Jacobs,False,RB,2,8,True,confirmed-traded-pick
2019,5,3,43,Big Leiber,Brandin Cooks,False,WR,3,3,False,
2019,5,4,44,Jeff,Phillip Lindsay,False,RB,4,4,False,
2019,5,5,45,Greenspan,Robert Woods,False,WR,5,7,True,confirmed-traded-pick
2019,5,6,46,Danziger,Jared Goff,False,QB,6,6,False,
2019,5,7,47,Greenspan,O.J. Howard,False,TE,7,7,False,
2019,5,8,48,Barry,Cam Newton,False,QB,8,8,False,
2019,5,9,49,Goldberg,Julian Edelman,False,WR,9,9,False,
2019,5,10,50,Abe,T.Y. Hilton,False,WR,10,10,False,
2019,6,1,51,Greenspan,Josh Gordon,False,WR,10,7,True,confirmed-traded-pick
2019,6,2,52,Greenspan,Drew Brees,False,QB,9,7,True,confirmed-traded-pick
2019,6,3,53,Ori,Carson Wentz,False,QB,8,1,True,confirmed-traded-pick
2019,6,4,54,Greenspan,Melvin Gordon III,False,RB,7,7,False,
2019,6,5,55,Danziger,Hunter Henry,False,TE,6,6,False,
2019,6,6,56,Tompkins,Evan Engram,False,TE,5,5,False,
2019,6,7,57,Jeff,Ben Roethlisberger,False,QB,4,4,False,
2019,6,8,58,Big Leiber,Zach Ertz,True,TE,3,3,False,
2019,6,9,59,Nalick,Chris Carson,True,RB,2,2,False,
2019,6,10,60,Greenspan,Jameis Winston,False,QB,1,7,True,confirmed-traded-pick
2019,7,1,61,Ori,Robbie Chosen,False,WR,1,1,False,
2019,7,2,62,Nalick,Lamar Jackson,False,QB,2,2,False,
2019,7,3,63,Big Leiber,Kyler Murray,False,QB,3,3,False,
2019,7,4,64,Jeff,Tyler Boyd,False,WR,4,4,False,
2019,7,5,65,Tompkins,Will Fuller V,False,WR,5,5,False,
2019,7,6,66,Danziger,Deshaun Watson,True,QB,6,6,False,
2019,7,7,67,Greenspan,Dak Prescott,False,QB,7,7,False,
2019,7,8,68,Barry,Cooper Kupp,False,WR,8,8,False,
2019,7,9,69,Goldberg,Mitchell Trubisky,False,QB,9,9,False,
2019,7,10,70,Abe,Philip Rivers,False,QB,10,10,False,
2019,8,1,71,Abe,Kirk Cousins,False,QB,10,10,False,
2019,8,2,72,Goldberg,Marlon Mack,True,RB,9,9,False,
2019,8,3,73,Barry,Tom Brady,False,QB,8,8,False,
2019,8,4,74,Tompkins,Jimmy Garoppolo,False,QB,7,5,True,confirmed-traded-pick
2019,8,5,75,Danziger,Jarvis Landry,False,WR,6,6,False,
2019,8,6,76,Tompkins,Tevin Coleman,False,RB,5,5,False,
2019,8,7,77,Jeff,Jordan Howard,False,RB,4,4,False,
2019,8,8,78,Big Leiber,Allen Robinson,False,WR,3,3,False,
2019,8,9,79,Nalick,Dede Westbrook,False,WR,2,2,False,
2019,8,10,80,Ori,Alshon Jeffery,False,WR,1,1,False,
2019,9,1,81,Ori,A.J. Green,False,WR,1,1,False,
2019,9,2,82,Nalick,Matthew Stafford,False,QB,2,2,False,
2019,9,3,83,Big Leiber,Calvin Ridley,False,WR,3,3,False,
2019,9,4,84,Jeff,Josh Allen,False,QB,4,4,False,
2019,9,5,85,Tompkins,DJ Moore,False,WR,5,5,False,
2019,9,6,86,Danziger,James White,False,RB,6,6,False,
2019,9,7,87,Goldberg,Jared Cook,False,TE,7,9,True,confirmed-traded-pick
2019,9,8,88,Nalick,Austin Ekeler,False,RB,8,2,True,confirmed-traded-pick
2019,9,9,89,Goldberg,Christian Kirk,False,WR,9,9,False,
2019,9,10,90,Abe,Kenyan Drake,False,RB,10,10,False,
2019,10,1,91,Abe,Vance McDonald,False,TE,10,10,False,
2019,10,2,92,Greenspan,Miles Sanders,False,RB,9,7,True,confirmed-traded-pick
2019,10,3,93,Barry,Derrius Guice,False,RB,8,8,False,
2019,10,4,94,Goldberg,Derek Carr,False,QB,7,9,True,confirmed-traded-pick
2019,10,5,95,Danziger,Sam Darnold,False,QB,6,6,False,
2019,10,6,96,Tompkins,Corey Davis,False,WR,5,5,False,
2019,10,7,97,Jeff,David Njoku,False,TE,4,4,False,
2019,10,8,98,Big Leiber,Latavius Murray,False,RB,3,3,False,
2019,10,9,99,Nalick,T.J. Hockenson,False,TE,2,2,False,
2019,10,10,100,Ori,Sony Michel,True,RB,1,1,False,
2019,11,1,101,Ori,Larry Fitzgerald,False,WR,1,1,False,
2019,11,2,102,Nalick,Emmanuel Sanders,False,WR,2,2,False,
2019,11,3,103,Big Leiber,Tarik Cohen,False,RB,3,3,False,
2019,11,4,104,Jeff,Sammy Watkins,False,WR,4,4,False,
2019,11,5,105,Tompkins,Baker Mayfield,True,QB,5,5,False,
2019,11,6,106,Danziger,Adrian Peterson,False,RB,6,6,False,
2019,11,7,107,Ori,Austin Hooper,False,TE,7,1,True,confirmed-traded-pick
2019,11,8,108,Barry,Kenny Golladay,True,WR,8,8,False,
2019,11,9,109,Goldberg,Sterling Shepard,False,WR,9,9,False,
2019,11,10,110,Abe,Rashaad Penny,False,RB,10,10,False,
2019,12,1,111,Abe,Donte Moncrief,False,WR,10,10,False,
2019,12,2,112,Goldberg,Royce Freeman,False,RB,9,9,False,
2019,12,3,113,Barry,Andy Dalton,False,QB,8,8,False,
2019,12,4,114,Greenspan,Justin Jackson,False,RB,7,7,False,
2019,12,5,115,Danziger,Kareem Hunt,False,RB,6,6,False,
2019,12,6,116,Tompkins,Marquez Valdes-Scantling,False,WR,5,5,False,
2019,12,7,117,Jeff,Greg Zuerlein,False,K,4,4,False,
2019,12,8,118,Big Leiber,Tony Pollard,False,RB,3,3,False,
2019,12,9,119,Nalick,Matt Breida,False,RB,2,2,False,
2019,12,10,120,Ori,LeSean McCoy,False,RB,1,1,False,
2019,13,1,121,Ori,Jacoby Brissett,False,QB,1,1,False,
2019,13,2,122,Nalick,Nick Foles,False,QB,2,2,False,
2019,13,3,123,Big Leiber,Marcus Mariota,False,QB,3,3,False,
2019,13,4,124,Jeff,John Brown,False,WR,4,4,False,
2019,13,5,125,Tompkins,Keke Coutee,False,WR,5,5,False,
2019,13,6,126,Danziger,Marvin Jones Jr.,False,WR,6,6,False,
2019,13,7,127,Greenspan,James Conner,True,RB,7,7,False,
2019,13,8,128,Barry,Curtis Samuel,False,WR,8,8,False,
2019,13,9,129,Goldberg,Justice Hill,False,RB,9,9,False,
2019,13,10,130,Abe,Michael Gallup,False,WR,10,10,False,
2019,14,1,131,Abe,Kalen Ballage,False,RB,10,10,False,
2019,14,2,132,Goldberg,Dante Pettis,False,WR,9,9,False,
2019,14,3,133,Barry,Chicago,False,DST,8,8,False,
2019,14,4,134,Greenspan,Jaylen Samuels,False,RB,7,7,False,
2019,14,5,135,Danziger,Justin Tucker,False,K,6,6,False,
2019,14,6,136,Tompkins,DeSean Jackson,False,WR,5,5,False,
2019,14,7,137,Jeff,Nelson Agholor,False,WR,4,4,False,
2019,14,8,138,Big Leiber,Darrell Henderson Jr.,False,RB,3,3,False,
2019,14,9,139,Nalick,Geronimo Allison,False,WR,2,2,False,
2019,14,10,140,Ori,Devin Funchess,False,WR,1,1,False,
2019,15,1,141,Ori,Deebo Samuel,False,WR,1,1,False,
2019,15,2,142,Nalick,Los Angeles,False,DST,2,2,False,
2019,15,3,143,Big Leiber,Buffalo,False,DST,3,3,False,
2019,15,4,144,Jeff,Gus Edwards,False,RB,4,4,False,
2019,15,5,145,Tompkins,Philadelphia,False,DST,5,5,False,
2019,15,6,146,Danziger,Mike Davis,False,RB,6,6,False,
2019,15,7,147,Greenspan,Harrison Butker,False,K,7,7,False,
2019,15,8,148,Barry,Stephen Gostkowski,False,K,8,8,False,
2019,15,9,149,Goldberg,Jacksonville,False,DST,9,9,False,
2019,15,10,150,Abe,Courtland Sutton,False,WR,10,10,False,
2019,16,1,151,Abe,Ka'imi Fairbairn,False,K,10,10,False,
2019,16,2,152,Goldberg,Wil Lutz,False,K,9,9,False,
2019,16,3,153,Barry,Anthony Miller,False,WR,8,8,False,
2019,16,4,154,Greenspan,Los Angeles,False,DST,7,7,False,
2019,16,5,155,Danziger,Cleveland,False,DST,6,6,False,
2019,16,6,156,Tompkins,Quincy Enunwa,False,WR,5,5,False,
2019,16,7,157,Jeff,Hollywood Brown,False,WR,4,4,False,
2019,16,8,158,Big Leiber,Robbie Gould,False,K,3,3,False,
2019,16,9,159,Nalick,Mason Crosby,False,K,2,2,False,
2019,16,10,160,Ori,Baltimore,False,DST,1,1,False,
2019,17,1,161,Ori,Giorgio Tavecchio,False,K,1,1,False,
2019,17,2,162,Nalick,Devin Singletary,False,RB,2,2,False,
2019,17,3,163,Jeff,Seattle,False,DST,3,4,True,confirmed-traded-pick
2019,17,4,164,Jeff,Delanie Walker,False,TE,4,4,False,
2019,17,5,165,Tompkins,Brett Maher,False,K,5,5,False,
2019,17,6,166,Danziger,Nyheim Miller-Hines,False,RB,6,6,False,
2019,17,7,167,Abe,Minnesota,False,DST,7,10,True,confirmed-traded-pick
2019,17,8,168,Barry,Mark Andrews,False,TE,8,8,False,
2019,17,9,169,Goldberg,Ty Montgomery II,False,WR,9,9,False,
2019,17,10,170,Abe,Ryan Tannehill,False,QB,10,10,False,
2020,1,1,1,Goldberg,Christian McCaffrey,False,RB,1,1,False,
2020,1,2,2,Greenspan,Saquon Barkley,False,RB,2,2,False,
2020,1,3,3,Big Leiber,Patrick Mahomes,False,QB,3,3,False,
2020,1,4,4,Ori,Ezekiel Elliott,False,RB,4,4,False,
2020,1,5,5,Barry,Dalvin Cook,False,RB,5,5,False,
2020,1,6,6,Tompkins,Alvin Kamara,False,RB,6,6,False,
2020,1,7,7,Abe,Joe Mixon,False,RB,7,7,False,
2020,1,8,8,Nalick,Michael Thomas,False,WR,8,8,False,
2020,1,9,9,Jeff,Nick Chubb,False,RB,9,9,False,
2020,1,10,10,Danziger,Derrick Henry,False,RB,10,10,False,
2020,2,1,11,Danziger,Clyde Edwards-Helaire,False,RB,10,10,False,
2020,2,2,12,Jeff,Tyreek Hill,False,WR,9,9,False,
2020,2,3,13,Nalick,Davante Adams,False,WR,8,8,False,
2020,2,4,14,Abe,Travis Kelce,False,TE,7,7,False,
2020,2,5,15,Tompkins,George Kittle,False,TE,6,6,False,
2020,2,6,16,Barry,Josh Jacobs,False,RB,5,5,False,
2020,2,7,17,Ori,Aaron Jones Sr.,False,RB,4,4,False,
2020,2,8,18,Big Leiber,Julio Jones,False,WR,3,3,False,
2020,2,9,19,Greenspan,Mike Evans,False,WR,2,2,False,
2020,2,10,20,Goldberg,Chris Carson,False,RB,1,1,False,
2020,3,1,21,Goldberg,Dak Prescott,False,QB,1,1,False,
2020,3,2,22,Tompkins,Deshaun Watson,False,QB,2,6,True,confirmed-traded-pick
2020,3,3,23,Jeff,Jonathan Taylor,False,RB,3,9,True,confirmed-traded-pick
2020,3,4,24,Ori,Russell Wilson,False,QB,4,4,False,
2020,3,5,25,Jeff,DeAndre Hopkins,False,WR,5,9,True,confirmed-traded-pick
2020,3,6,26,Tompkins,Chris Godwin Jr.,False,WR,6,6,False,
2020,3,7,27,Abe,Todd Gurley,False,RB,7,7,False,
2020,3,8,28,Nalick,Melvin Gordon III,False,RB,8,8,False,
2020,3,9,29,Jeff,Josh Allen,False,QB,9,9,False,
2020,3,10,30,Danziger,Odell Beckham Jr.,False,WR,10,10,False,
2020,4,1,31,Danziger,Adam Thielen,False,WR,10,10,False,
2020,4,2,32,Big Leiber,DJ Moore,False,WR,9,3,True,confirmed-traded-pick
2020,4,3,33,Nalick,Lamar Jackson,False,QB,8,8,False,
2020,4,4,34,Tompkins,Cam Akers,False,RB,7,6,True,confirmed-traded-pick
2020,4,5,35,Tompkins,Miles Sanders,False,RB,6,6,False,
2020,4,6,36,Barry,Matt Ryan,False,QB,5,5,False,
2020,4,7,37,Tompkins,Carson Wentz,False,QB,4,6,True,confirmed-traded-pick
2020,4,8,38,Big Leiber,David Johnson,False,TE,3,3,False,
2020,4,9,39,Greenspan,A.J. Brown,False,WR,2,2,False,
2020,4,10,40,Goldberg,Amari Cooper,False,WR,1,1,False,
2020,5,1,41,Goldberg,JuJu Smith-Schuster,False,WR,1,1,False,
2020,5,2,42,Greenspan,Tom Brady,False,QB,2,2,False,
2020,5,3,43,Big Leiber,Kyler Murray,True,QB,3,3,False,
2020,5,4,44,Ori,Terry McLaurin,False,WR,4,4,False,
2020,5,5,45,Barry,--empty--,False,EMPTY,5,5,False,
2020,5,6,46,Greenspan,Raheem Mostert,False,RB,6,2,True,confirmed-traded-pick
2020,5,7,47,Abe,Aaron Rodgers,False,QB,7,7,False,
2020,5,8,48,Jeff,Cam Newton,False,QB,8,9,True,confirmed-traded-pick
2020,5,9,49,Barry,Allen Robinson,False,WR,9,5,True,confirmed-traded-pick
2020,5,10,50,Danziger,Daniel Jones,False,QB,10,10,False,
2020,6,1,51,Danziger,Joe Burrow,False,QB,10,10,False,
2020,6,2,52,Jeff,Leonard Fournette,False,RB,9,9,False,
2020,6,3,53,Nalick,Austin Ekeler,True,RB,8,8,False,
2020,6,4,54,Abe,Ben Roethlisberger,False,QB,7,7,False,
2020,6,5,55,Ori,David Montgomery,False,RB,6,4,True,confirmed-traded-pick
2020,6,6,56,Barry,Calvin Ridley,True,WR,5,5,False,
2020,6,7,57,Ori,DK Metcalf,False,WR,4,4,False,
2020,6,8,58,Big Leiber,Kenyan Drake,False,RB,3,3,False,
2020,6,9,59,Greenspan,Mark Ingram II,False,WR,2,2,False,
2020,6,10,60,Goldberg,Cooper Kupp,False,WR,1,1,False,
2020,7,1,61,Goldberg,Matthew Stafford,False,QB,1,1,False,
2020,7,2,62,Greenspan,Baker Mayfield,False,QB,2,2,False,
2020,7,3,63,Big Leiber,Le'Veon Bell,False,RB,3,3,False,
2020,7,4,64,Ori,Zach Ertz,False,TE,4,4,False,
2020,7,5,65,Barry,Tyler Lockett,False,WR,5,5,False,
2020,7,6,66,Abe,DJ Chark,False,WR,6,7,True,confirmed-traded-pick
2020,7,7,67,Abe,Keenan Allen,False,WR,7,7,False,
2020,7,8,68,Greenspan,Robert Woods,False,WR,8,2,True,confirmed-traded-pick
2020,7,9,69,Nalick,Hollywood Brown,False,WR,9,8,True,confirmed-traded-pick
2020,7,10,70,Danziger,Michael Gallup,False,WR,10,10,False,
2020,8,1,71,Danziger,Devin Singletary,False,RB,10,10,False,
2020,8,2,72,Jeff,Darren Waller,True,TE,9,9,False,
2020,8,3,73,Nalick,Antonio Gibson,True,RB,8,8,False,
2020,8,4,74,Abe,DeVante Parker,False,WR,7,7,False,
2020,8,5,75,Tompkins,T.Y. Hilton,False,WR,6,6,False,
2020,8,6,76,Barry,Kenny Golladay,False,WR,5,5,False,
2020,8,7,77,Ori,Stefon Diggs,True,WR,4,4,False,
2020,8,8,78,Big Leiber,A.J. Green,False,WR,3,3,False,
2020,8,9,79,Nalick,Jared Goff,False,QB,2,8,True,confirmed-traded-pick
2020,8,10,80,Goldberg,D'Andre Swift,False,RB,1,1,False,
2020,9,1,81,Goldberg,Evan Engram,False,TE,1,1,False,
2020,9,2,82,Greenspan,J.K. Dobbins,False,RB,2,2,False,
2020,9,3,83,Big Leiber,Will Fuller V,False,WR,3,3,False,
2020,9,4,84,Ori,Jimmy Garoppolo,False,QB,4,4,False,
2020,9,5,85,Barry,Tyler Higbee,False,TE,5,5,False,
2020,9,6,86,Tompkins,Tyler Boyd,False,WR,6,6,False,
2020,9,7,87,Abe,--empty--,False,EMPTY,7,7,False,
2020,9,8,88,Nalick,Jared Cook,False,TE,8,8,False,
2020,9,9,89,Jeff,Teddy Bridgewater,False,QB,9,9,False,
2020,9,10,90,Danziger,Kareem Hunt,False,RB,10,10,False,
2020,10,1,91,Danziger,Jerry Jeudy,False,WR,10,10,False,
2020,10,2,92,Jeff,John Brown,False,WR,9,9,False,
2020,10,3,93,Nalick,Zack Moss,False,RB,8,8,False,
2020,10,4,94,Abe,Rob Gronkowski,False,TE,7,7,False,
2020,10,5,95,Tompkins,Ronald Jones,False,RB,6,6,False,
2020,10,6,96,Barry,Kirk Cousins,True,QB,5,5,False,
2020,10,7,97,Ori,Jarvis Landry,False,WR,4,4,False,
2020,10,8,98,Big Leiber,Marvin Jones Jr.,False,WR,3,3,False,
2020,10,9,99,Greenspan,James Conner,False,RB,2,2,False,
2020,10,10,100,Goldberg,Jordan Howard,False,RB,1,1,False,
2020,11,1,101,Goldberg,Ryan Tannehill,True,QB,1,1,False,
2020,11,2,102,Greenspan,Gardner Minshew,False,QB,2,2,False,
2020,11,3,103,Big Leiber,Hunter Henry,False,TE,3,3,False,
2020,11,4,104,Ori,Drew Lock,False,QB,4,4,False,
2020,11,5,105,Barry,Phillip Lindsay,False,RB,5,5,False,
2020,11,6,106,Tompkins,Diontae Johnson,False,WR,6,6,False,
2020,11,7,107,Abe,Brandin Cooks,False,WR,7,7,False,
2020,11,8,108,Nalick,Sterling Shepard,False,WR,8,8,False,
2020,11,9,109,Jeff,Darius Slayton,False,WR,9,9,False,
2020,11,10,110,Danziger,San Francisco,False,DST,10,10,False,
2020,12,1,111,Danziger,CeeDee Lamb,True,WR,10,10,False,
2020,12,2,112,Jeff,--empty--,False,EMPTY,9,9,False,
2020,12,3,113,Nalick,Tevin Coleman,False,RB,8,8,False,
2020,12,4,114,Abe,Courtland Sutton,False,WR,7,7,False,
2020,12,5,115,Tompkins,Sam Darnold,False,QB,6,6,False,
2020,12,6,116,Barry,Christian Kirk,False,WR,5,5,False,
2020,12,7,117,Ori,Deebo Samuel,False,WR,4,4,False,
2020,12,8,118,Big Leiber,Henry Ruggs III,False,WR,3,3,False,
2020,12,9,119,Greenspan,Tyrod Taylor,False,QB,2,2,False,
2020,12,10,120,Goldberg,Emmanuel Sanders,False,WR,1,1,False,
2020,13,1,121,Goldberg,Hayden Hurst,False,TE,1,1,False,
2020,13,2,122,Greenspan,Preston Williams,False,WR,2,2,False,
2020,13,3,123,Big Leiber,Sony Michel,False,RB,3,3,False,
2020,13,4,124,Ori,Adrian Peterson,False,RB,4,4,False,
2020,13,5,125,Barry,Matt Breida,False,RB,5,5,False,
2020,13,6,126,Tompkins,Jamison Crowder,False,WR,6,6,False,
2020,13,7,127,Abe,Marlon Mack,False,RB,7,7,False,
2020,13,8,128,Nalick,Derek Carr,False,QB,8,8,False,
2020,13,9,129,Jeff,Austin Hooper,False,TE,9,9,False,
2020,13,10,130,Danziger,Justin Tucker,False,K,10,10,False,
2020,14,1,131,Danziger,Noah Fant,False,TE,10,10,False,
2020,14,2,132,Jeff,DeSean Jackson,False,WR,9,9,False,
2020,14,3,133,Nalick,Latavius Murray,False,RB,8,8,False,
2020,14,4,134,Abe,Chris Thompson,False,RB,7,7,False,
2020,14,5,135,Tompkins,Duke Johnson,False,RB,6,6,False,
2020,14,6,136,Barry,Harrison Butker,False,K,5,5,False,
2020,14,7,137,Ori,James White,False,RB,4,4,False,
2020,14,8,138,Big Leiber,Tua Tagovailoa,True,QB,3,3,False,
2020,14,9,139,Greenspan,Mark Andrews,True,TE,2,2,False,
2020,14,10,140,Goldberg,Pittsburgh,False,DST,1,1,False,
2020,15,1,141,Goldberg,Michael Pittman Jr.,False,RB,1,1,False,
2020,15,2,142,Greenspan,Benny Snell Jr.,False,RB,2,2,False,
2020,15,3,143,Big Leiber,Baltimore,False,DST,3,3,False,
2020,15,4,144,Ori,Buffalo,False,DST,4,4,False,
2020,15,5,145,Barry,New England,False,DST,5,5,False,
2020,15,6,146,Tompkins,Allen Lazard,False,WR,6,6,False,
2020,15,7,147,Abe,Wil Lutz,False,K,7,7,False,
2020,15,8,148,Nalick,Chicago,False,DST,8,8,False,
2020,15,9,149,Jeff,Kerryon Johnson,False,RB,9,9,False,
2020,15,10,150,Danziger,Dwayne Haskins,False,QB,10,10,False,
2020,16,1,151,Danziger,Bryan Edwards,False,WR,10,10,False,
2020,16,2,152,Jeff,Carolina,False,DST,9,9,False,
2020,16,3,153,Nalick,Anthony Miller,False,WR,8,8,False,
2020,16,4,154,Abe,Minnesota,False,DST,7,7,False,
2020,16,5,155,Tompkins,Philadelphia,False,DST,6,6,False,
2020,16,6,156,Barry,Tarik Cohen,False,RB,5,5,False,
2020,16,7,157,Ori,Robbie Gould,False,K,4,4,False,
2020,16,8,158,Big Leiber,Greg Zuerlein,False,K,3,3,False,
2020,16,9,159,Greenspan,Indianapolis,False,DST,2,2,False,
2020,16,10,160,Goldberg,Matt Prater,False,K,1,1,False,
2020,17,1,161,Goldberg,Mike Davis,True,RB,1,1,False,
2020,17,2,162,Greenspan,Darrel Williams,False,RB,2,2,False,
2020,17,3,163,Big Leiber,Alexander Mattison,False,RB,3,3,False,
2020,17,4,164,Ori,Brandon Aiyuk,True,WR,4,4,False,
2020,17,5,165,Barry,Mike Gesicki,False,TE,5,5,False,
2020,17,6,166,Tompkins,Zane Gonzalez,False,K,6,6,False,
2020,17,7,167,Abe,Mike Williams,False,WR,7,7,False,
2020,17,8,168,Nalick,Jake Elliott,False,K,8,8,False,
2020,17,9,169,Jeff,Dan Bailey,False,K,9,9,False,
2020,17,10,170,Danziger,Taysom Hill,False,TE,10,10,False,
2021,1,1,1,Nalick,Christian McCaffrey,False,RB,1,5,True,confirmed-traded-pick
2021,1,2,2,Tompkins,Dalvin Cook,False,RB,2,2,False,
2021,1,3,3,Greenspan,Patrick Mahomes,False,QB,3,3,False,
2021,1,4,4,Danziger,Davante Adams,False,WR,4,4,False,
2021,1,5,5,Nalick,Derrick Henry,False,RB,5,5,False,
2021,1,6,6,Big Leiber,Ezekiel Elliott,False,RB,6,6,False,
2021,1,7,7,Barry,Alvin Kamara,False,RB,7,7,False,
2021,1,8,8,Goldberg,Josh Allen,False,QB,8,8,False,
2021,1,9,9,Nalick,Tyreek Hill,False,WR,9,5,True,confirmed-traded-pick
2021,1,10,10,Abe,Nick Chubb,False,RB,10,10,False,
2021,2,1,11,Abe,Aaron Jones Sr.,False,RB,10,10,False,
2021,2,2,12,Ori,Lamar Jackson,False,QB,9,9,False,
2021,2,3,13,Goldberg,Jonathan Taylor,False,RB,8,8,False,
2021,2,4,14,Barry,Travis Kelce,False,TE,7,7,False,
2021,2,5,15,Big Leiber,Kyler Murray,True,QB,6,6,False,
2021,2,6,16,Nalick,DeAndre Hopkins,False,WR,5,5,False,
2021,2,7,17,Danziger,Russell Wilson,False,QB,4,4,False,
2021,2,8,18,Greenspan,Saquon Barkley,False,RB,3,3,False,
2021,2,9,19,Tompkins,Joe Mixon,False,RB,2,2,False,
2021,2,10,20,Jeff,Dak Prescott,False,QB,1,1,False,
2021,3,1,21,Jeff,Najee Harris,False,RB,1,1,False,
2021,3,2,22,Tompkins,DK Metcalf,False,WR,2,2,False,
2021,3,3,23,Greenspan,Austin Ekeler,True,RB,3,3,False,
2021,3,4,24,Danziger,Aaron Rodgers,False,QB,4,4,False,
2021,3,5,25,Nalick,Keenan Allen,False,WR,5,5,False,
2021,3,6,26,Big Leiber,A.J. Brown,False,WR,6,6,False,
2021,3,7,27,Barry,Calvin Ridley,True,WR,7,7,False,
2021,3,8,28,Goldberg,Terry McLaurin,False,WR,8,8,False,
2021,3,9,29,Ori,George Kittle,False,TE,9,9,False,
2021,3,10,30,Abe,Mike Evans,False,WR,10,10,False,
2021,4,1,31,Abe,Tom Brady,False,QB,10,10,False,
2021,4,2,32,Ori,Chris Carson,False,RB,9,9,False,
2021,4,3,33,Goldberg,Clyde Edwards-Helaire,False,RB,8,8,False,
2021,4,4,34,Barry,Jalen Hurts,False,QB,7,7,False,
2021,4,5,35,Big Leiber,David Montgomery,False,RB,6,6,False,
2021,4,6,36,Nalick,Antonio Gibson,True,RB,5,5,False,
2021,4,7,37,Danziger,Chris Godwin Jr.,False,WR,4,4,False,
2021,4,8,38,Greenspan,Allen Robinson,False,WR,3,3,False,
2021,4,9,39,Tompkins,Matthew Stafford,False,QB,2,2,False,
2021,4,10,40,Jeff,Miles Sanders,False,RB,1,1,False,
2021,5,1,41,Jeff,Darren Waller,True,TE,1,1,False,
2021,5,2,42,Tompkins,T.J. Hockenson,False,TE,2,2,False,
2021,5,3,43,Greenspan,Damien Harris,False,RB,3,3,False,
2021,5,4,44,Danziger,Josh Jacobs,False,RB,4,4,False,
2021,5,5,45,Nalick,Joe Burrow,False,QB,5,5,False,
2021,5,6,46,Big Leiber,Julio Jones,False,WR,6,6,False,
2021,5,7,47,Barry,D'Andre Swift,False,RB,7,7,False,
2021,5,8,48,Goldberg,Amari Cooper,False,WR,8,8,False,
2021,5,9,49,Ori,Stefon Diggs,True,WR,9,9,False,
2021,5,10,50,Abe,Cooper Kupp,False,WR,10,10,False,
2021,6,1,51,Abe,Robert Woods,False,WR,10,10,False,
2021,6,2,52,Ori,Jerry Jeudy,False,WR,9,9,False,
2021,6,3,53,Goldberg,Kyle Pitts Sr.,False,TE,8,8,False,
2021,6,4,54,Barry,Gus Edwards,False,RB,7,7,False,
2021,6,5,55,Big Leiber,Matt Ryan,False,QB,6,6,False,
2021,6,6,56,Nalick,Justin Herbert,True,QB,5,5,False,
2021,6,7,57,Danziger,James Robinson,True,WR,4,4,False,
2021,6,8,58,Greenspan,Tyler Lockett,False,WR,3,3,False,
2021,6,9,59,Tompkins,Adam Thielen,False,WR,2,2,False,
2021,6,10,60,Jeff,Justin Jefferson,True,WR,1,1,False,
2021,7,1,61,Jeff,Tee Higgins,False,WR,1,1,False,
2021,7,2,62,Tompkins,Darrell Henderson Jr.,False,RB,2,2,False,
2021,7,3,63,Greenspan,Diontae Johnson,False,WR,3,3,False,
2021,7,4,64,Danziger,Chase Claypool,False,WR,4,4,False,
2021,7,5,65,Nalick,Noah Fant,False,TE,5,5,False,
2021,7,6,66,Big Leiber,Chase Edmonds,False,RB,6,6,False,
2021,7,7,67,Barry,Kirk Cousins,True,QB,7,7,False,
2021,7,8,68,Goldberg,Trevor Lawrence,False,QB,8,8,False,
2021,7,9,69,Ori,Raheem Mostert,False,RB,9,9,False,
2021,7,10,70,Abe,DJ Moore,False,WR,10,10,False,
2021,8,1,71,Abe,Logan Thomas,False,TE,10,10,False,
2021,8,2,72,Ori,Justin Fields,False,QB,9,9,False,
2021,8,3,73,Goldberg,Ryan Tannehill,True,QB,8,8,False,
2021,8,4,74,Barry,Kareem Hunt,False,RB,7,7,False,
2021,8,5,75,Big Leiber,Trey Lance,False,QB,6,6,False,
2021,8,6,76,Nalick,Myles Gaskin,False,RB,5,5,False,
2021,8,7,77,Danziger,Robert Tonyan,False,TE,4,4,False,
2021,8,8,78,Greenspan,Jameis Winston,False,QB,3,3,False,
2021,8,9,79,Tompkins,Kenny Golladay,False,WR,2,2,False,
2021,8,10,80,Jeff,Trey Sermon,False,RB,1,1,False,
2021,9,1,81,Jeff,Odell Beckham Jr.,False,WR,1,1,False,
2021,9,2,82,Tompkins,Daniel Jones,False,QB,2,2,False,
2021,9,3,83,Greenspan,Javonte Williams,False,RB,3,3,False,
2021,9,4,84,Danziger,Mike Williams,False,WR,4,4,False,
2021,9,5,85,Nalick,Baker Mayfield,False,QB,5,5,False,
2021,9,6,86,Big Leiber,CeeDee Lamb,True,WR,6,6,False,
2021,9,7,87,Barry,Ja'Marr Chase,False,WR,7,7,False,
2021,9,8,88,Goldberg,Courtland Sutton,False,WR,8,8,False,
2021,9,9,89,Ori,Ryan Fitzpatrick,False,QB,9,9,False,
2021,9,10,90,Abe,JuJu Smith-Schuster,False,WR,10,10,False,
2021,10,1,91,Abe,Ben Roethlisberger,False,QB,10,10,False,
2021,10,2,92,Ori,Robbie Chosen,False,WR,9,9,False,
2021,10,3,93,Goldberg,James Conner,False,RB,8,8,False,
2021,10,4,94,Barry,Derek Carr,False,QB,7,7,False,
2021,10,5,95,Big Leiber,Antonio Brown,False,WR,6,6,False,
2021,10,6,96,Nalick,Laviska Shenault Jr.,False,WR,5,5,False,
2021,10,7,97,Danziger,Ronald Jones,False,RB,4,4,False,
2021,10,8,98,Greenspan,Melvin Gordon III,False,RB,3,3,False,
2021,10,9,99,Tompkins,Brandin Cooks,False,WR,2,2,False,
2021,10,10,100,Jeff,Mac Jones,False,QB,1,1,False,
2021,11,1,101,Jeff,Sony Michel,False,RB,1,1,False,
2021,11,2,102,Tompkins,Teddy Bridgewater,False,QB,2,2,False,
2021,11,3,103,Greenspan,Mark Andrews,True,TE,3,3,False,
2021,11,4,104,Danziger,Tua Tagovailoa,True,QB,4,4,False,
2021,11,5,105,Nalick,Jakobi Meyers,False,WR,5,5,False,
2021,11,6,106,Big Leiber,Tyler Higbee,False,TE,6,6,False,
2021,11,7,107,Barry,Tyler Boyd,False,WR,7,7,False,
2021,11,8,108,Goldberg,Kenyan Drake,False,RB,8,8,False,
2021,11,9,109,Ori,Devin Singletary,False,RB,9,9,False,
2021,11,10,110,Abe,Deebo Samuel,False,WR,10,10,False,
2021,12,1,111,Abe,Michael Thomas,False,WR,10,10,False,
2021,12,2,112,Ori,Marvin Jones Jr.,False,WR,9,9,False,
2021,12,3,113,Goldberg,Corey Davis,False,WR,8,8,False,
2021,12,4,114,Barry,Will Fuller V,False,WR,7,7,False,
2021,12,5,115,Big Leiber,DJ Chark,False,WR,6,6,False,
2021,12,6,116,Nalick,Hunter Henry,False,TE,5,5,False,
2021,12,7,117,Danziger,DeVonta Smith,False,WR,4,4,False,
2021,12,8,118,Greenspan,Marquez Callaway,False,WR,3,3,False,
2021,12,9,119,Tompkins,Giovani Bernard,False,RB,2,2,False,
2021,12,10,120,Jeff,Sam Darnold,False,QB,1,1,False,
2021,13,1,121,Jeff,Zach Wilson,False,QB,1,1,False,
2021,13,2,122,Tompkins,David Johnson,False,TE,2,2,False,
2021,13,3,123,Greenspan,J.K. Dobbins,False,RB,3,3,False,
2021,13,4,124,Danziger,Jaylen Waddle,False,WR,4,4,False,
2021,13,5,125,Nalick,Harrison Butker,False,K,5,5,False,
2021,13,6,126,Big Leiber,A.J. Dillon,False,RB,6,6,False,
2021,13,7,127,Barry,Michael Gallup,False,WR,7,7,False,
2021,13,8,128,Goldberg,Los Angeles,False,DST,8,8,False,
2021,13,9,129,Ori,Leonard Fournette,False,RB,9,9,False,
2021,13,10,130,Abe,Rob Gronkowski,False,TE,10,10,False,
2021,14,1,131,Abe,Michael Carter,False,RB,10,10,False,
2021,14,2,132,Ori,Brandon Aiyuk,True,WR,9,9,False,
2021,14,3,133,Goldberg,Mike Davis,True,RB,8,8,False,
2021,14,4,134,Barry,Mecole Hardman,False,WR,7,7,False,
2021,14,5,135,Big Leiber,Tony Pollard,False,RB,6,6,False,
2021,14,6,136,Nalick,Tampa Bay,False,DST,5,5,False,
2021,14,7,137,Danziger,Washington,False,DST,4,4,False,
2021,14,8,138,Greenspan,Carson Wentz,False,QB,3,3,False,
2021,14,9,139,Tompkins,Alexander Mattison,False,RB,2,2,False,
2021,14,10,140,Jeff,Elijah Moore,False,WR,1,1,False,
2021,15,1,141,Jeff,Jarvis Landry,False,WR,1,1,False,
2021,15,2,142,Tompkins,Nelson Agholor,False,WR,2,2,False,
2021,15,3,143,Greenspan,Devontae Booker,False,RB,3,3,False,
2021,15,4,144,Danziger,Justin Tucker,False,K,4,4,False,
2021,15,5,145,Nalick,Tevin Coleman,False,RB,5,5,False,
2021,15,6,146,Big Leiber,Rondale Moore,False,WR,6,6,False,
2021,15,7,147,Barry,Zack Moss,False,RB,7,7,False,
2021,15,8,148,Goldberg,Nyheim Miller-Hines,False,RB,8,8,False,
2021,15,9,149,Ori,Younghoe Koo,False,K,9,9,False,
2021,15,10,150,Abe,Pittsburgh,False,DST,10,10,False,
2021,16,1,151,Abe,Tyler Bass,False,K,10,10,False,
2021,16,2,152,Ori,Baltimore,False,DST,9,9,False,
2021,16,3,153,Goldberg,Mike Gesicki,False,TE,8,8,False,
2021,16,4,154,Barry,Jared Goff,False,QB,7,7,False,
2021,16,5,155,Big Leiber,San Francisco,False,DST,6,6,False,
2021,16,6,156,Jeff,Greg Zuerlein,False,K,5,1,True,confirmed-traded-pick
2021,16,7,157,Danziger,Jonnu Smith,False,TE,4,4,False,
2021,16,8,158,Greenspan,Travis Etienne Jr.,False,RB,3,3,False,
2021,16,9,159,Tompkins,Green Bay,False,DST,2,2,False,
2021,16,10,160,Jeff,Miami,False,DST,1,1,False,
2021,17,1,161,Jeff,Gabe Davis,False,WR,1,1,False,
2021,17,2,162,Tompkins,Robbie Gould,False,K,2,2,False,
2021,17,3,163,Greenspan,Taysom Hill,False,TE,3,3,False,
2021,17,4,164,Danziger,Cleveland,False,DST,4,4,False,
2021,17,5,165,Ori,Rhamondre Stevenson,False,RB,5,9,True,confirmed-traded-pick
2021,17,6,166,Big Leiber,Ryan Succop,False,K,6,6,False,
2021,17,7,167,Barry,New England,False,DST,7,7,False,
2021,17,8,168,Goldberg,Chuba Hubbard,False,RB,8,8,False,
2021,17,9,169,Ori,Amon-Ra St. Brown,False,WR,9,9,False,
2021,17,10,170,Abe,Tyrod Taylor,False,QB,10,10,False,
2022,1,1,1,Barry,Josh Allen,False,QB,1,1,False,
2022,1,2,2,Goldberg,Jonathan Taylor,False,RB,2,2,False,
2022,1,3,3,Greenspan,Patrick Mahomes,False,QB,3,3,False,
2022,1,4,4,Ori,Christian McCaffrey,False,RB,4,4,False,
2022,1,5,5,Jeff,Lamar Jackson,False,QB,5,5,False,
2022,1,6,6,Joshua,Jalen Hurts,False,QB,6,6,False,
2022,1,7,7,Abe,Derrick Henry,False,RB,7,7,False,
2022,1,8,8,Big Leiber,Austin Ekeler,False,RB,8,8,False,
2022,1,9,9,Tompkins,Dalvin Cook,False,RB,9,9,False,
2022,1,10,10,Nalick,Najee Harris,False,RB,10,10,False,
2022,2,1,11,Nalick,Stefon Diggs,False,WR,10,10,False,
2022,2,2,12,Tompkins,Joe Mixon,False,RB,9,9,False,
2022,2,3,13,Big Leiber,Kyler Murray,False,QB,8,8,False,
2022,2,4,14,Abe,Cooper Kupp,True,WR,7,7,False,
2022,2,5,15,Joshua,Travis Kelce,False,TE,6,6,False,
2022,2,6,16,Jeff,Nick Chubb,False,RB,5,5,False,
2022,2,7,17,Ori,Joe Burrow,False,QB,4,4,False,
2022,2,8,18,Greenspan,Russell Wilson,False,QB,3,3,False,
2022,2,9,19,Goldberg,Tom Brady,False,QB,2,2,False,
2022,2,10,20,Barry,D'Andre Swift,True,RB,1,1,False,
2022,3,1,21,Barry,Justin Jefferson,True,WR,1,1,False,
2022,3,2,22,Goldberg,Davante Adams,False,WR,2,2,False,
2022,3,3,23,Greenspan,Alvin Kamara,False,RB,3,3,False,
2022,3,4,24,Ori,Trey Lance,False,QB,4,4,False,
2022,3,5,25,Jeff,Aaron Jones Sr.,False,RB,5,5,False,
2022,3,6,26,Joshua,Saquon Barkley,False,RB,6,6,False,
2022,3,7,27,Abe,Ezekiel Elliott,False,RB,7,7,False,
2022,3,8,28,Big Leiber,Dak Prescott,False,QB,8,8,False,
2022,3,9,29,Tompkins,Aaron Rodgers,False,QB,9,9,False,
2022,3,10,30,Nalick,Justin Herbert,True,QB,10,10,False,
2022,4,1,31,Nalick,Derek Carr,False,QB,10,10,False,
2022,4,2,32,Tompkins,Kirk Cousins,False,QB,9,9,False,
2022,4,3,33,Big Leiber,Tyreek Hill,False,WR,8,8,False,
2022,4,4,34,Abe,Matthew Stafford,False,QB,7,7,False,
2022,4,5,35,Joshua,Mike Evans,False,WR,6,6,False,
2022,4,6,36,Jeff,David Montgomery,False,RB,5,5,False,
2022,4,7,37,Ori,Kyle Pitts Sr.,False,TE,4,4,False,
2022,4,8,38,Greenspan,A.J. Brown,False,WR,3,3,False,
2022,4,9,39,Goldberg,Tee Higgins,False,WR,2,2,False,
2022,4,10,40,Barry,Keenan Allen,False,WR,1,1,False,
2022,5,1,41,Barry,Courtland Sutton,False,WR,1,1,False,
2022,5,2,42,Goldberg,Tua Tagovailoa,False,QB,2,2,False,
2022,5,3,43,Greenspan,DJ Moore,False,WR,3,3,False,
2022,5,4,44,Ori,Mike Williams,False,WR,4,4,False,
2022,5,5,45,Jeff,DK Metcalf,False,WR,5,5,False,
2022,5,6,46,Joshua,Daniel Jones,False,QB,6,6,False,
2022,5,7,47,Abe,Justin Fields,False,QB,7,7,False,
2022,5,8,48,Big Leiber,Michael Pittman Jr.,True,RB,8,8,False,
2022,5,9,49,Tompkins,George Kittle,False,TE,9,9,False,
2022,5,10,50,Nalick,Terry McLaurin,False,WR,10,10,False,
2022,6,1,51,Nalick,James Conner,True,RB,10,10,False,
2022,6,2,52,Tompkins,Allen Robinson,False,WR,9,9,False,
2022,6,3,53,Big Leiber,CeeDee Lamb,True,WR,8,8,False,
2022,6,4,54,Abe,Elijah Mitchell,False,RB,7,7,False,
2022,6,5,55,Joshua,Leonard Fournette,True,RB,6,6,False,
2022,6,6,56,Jeff,Ja'Marr Chase,True,WR,5,5,False,
2022,6,7,57,Ori,JuJu Smith-Schuster,False,WR,4,4,False,
2022,6,8,58,Greenspan,Javonte Williams,True,RB,3,3,False,
2022,6,9,59,Goldberg,Cam Akers,False,RB,2,2,False,
2022,6,10,60,Barry,Breece Hall,False,RB,1,1,False,
2022,7,1,61,Barry,Trevor Lawrence,False,QB,1,1,False,
2022,7,2,62,Goldberg,Gabe Davis,False,WR,2,2,False,
2022,7,3,63,Greenspan,Darren Waller,False,TE,3,3,False,
2022,7,4,64,Ori,Michael Thomas,False,WR,4,4,False,
2022,7,5,65,Jeff,Jerry Jeudy,False,WR,5,5,False,
2022,7,6,66,Joshua,Amon-Ra St. Brown,False,WR,6,6,False,
2022,7,7,67,Abe,Diontae Johnson,False,WR,7,7,False,
2022,7,8,68,Big Leiber,Josh Jacobs,False,RB,8,8,False,
2022,7,9,69,Tompkins,Brandin Cooks,True,WR,9,9,False,
2022,7,10,70,Nalick,Dameon Pierce,False,RB,10,10,False,
2022,8,1,71,Nalick,Rashod Bateman,False,WR,10,10,False,
2022,8,2,72,Tompkins,Antonio Gibson,False,RB,9,9,False,
2022,8,3,73,Big Leiber,A.J. Dillon,False,RB,8,8,False,
2022,8,4,74,Abe,Deebo Samuel,True,WR,7,7,False,
2022,8,5,75,Joshua,Clyde Edwards-Helaire,False,RB,6,6,False,
2022,8,6,76,Jeff,Mark Andrews,True,TE,5,5,False,
2022,8,7,77,Ori,Brandon Aiyuk,False,WR,4,4,False,
2022,8,8,78,Greenspan,Rashaad Penny,False,RB,3,3,False,
2022,8,9,79,Goldberg,Hollywood Brown,False,WR,2,2,False,
2022,8,10,80,Barry,Damien Harris,False,RB,1,1,False,
2022,9,1,81,Barry,Dalton Schultz,False,TE,1,1,False,
2022,9,2,82,Goldberg,Dallas Goedert,False,TE,2,2,False,
2022,9,3,83,Greenspan,Chris Godwin Jr.,False,WR,3,3,False,
2022,9,4,84,Ori,Devin Singletary,False,RB,4,4,False,
2022,9,5,85,Jeff,Jameis Winston,False,QB,5,5,False,
2022,9,6,86,Joshua,Matt Ryan,False,QB,6,6,False,
2022,9,7,87,Abe,Baker Mayfield,False,QB,7,7,False,
2022,9,8,88,Big Leiber,Darnell Mooney,False,WR,8,8,False,
2022,9,9,89,Tompkins,Adam Thielen,False,WR,9,9,False,
2022,9,10,90,Nalick,Rhamondre Stevenson,False,RB,10,10,False,
2022,10,1,91,Nalick,Elijah Moore,False,WR,10,10,False,
2022,10,2,92,Tompkins,Mac Jones,False,QB,9,9,False,
2022,10,3,93,Big Leiber,Chase Edmonds,False,RB,8,8,False,
2022,10,4,94,Abe,Amari Cooper,False,WR,7,7,False,
2022,10,5,95,Joshua,Jaylen Waddle,True,WR,6,6,False,
2022,10,6,96,Jeff,Ryan Tannehill,False,QB,5,5,False,
2022,10,7,97,Ori,Allen Lazard,False,WR,4,4,False,
2022,10,8,98,Greenspan,Melvin Gordon III,False,RB,3,3,False,
2022,10,9,99,Goldberg,J.K. Dobbins,True,RB,2,2,False,
2022,10,10,100,Barry,DeVonta Smith,False,WR,1,1,False,
2022,11,1,101,Barry,Miles Sanders,False,RB,1,1,False,
2022,11,2,102,Goldberg,Tony Pollard,False,RB,2,2,False,
2022,11,3,103,Greenspan,Carson Wentz,True,QB,3,3,False,
2022,11,4,104,Ori,Cordarrelle Patterson,False,RB,4,4,False,
2022,11,5,105,Jeff,Kareem Hunt,False,RB,5,5,False,
2022,11,6,106,Joshua,Christian Kirk,False,WR,6,6,False,
2022,11,7,107,Abe,James Cook,False,RB,7,7,False,
2022,11,8,108,Big Leiber,T.J. Hockenson,False,TE,8,8,False,
2022,11,9,109,Tompkins,Hunter Renfrow,False,WR,9,9,False,
2022,11,10,110,Nalick,Dawson Knox,False,TE,10,10,False,
2022,12,1,111,Nalick,Tyler Lockett,False,WR,10,10,False,
2022,12,2,112,Tompkins,Julio Jones,False,WR,9,9,False,
2022,12,3,113,Big Leiber,Drake London,False,WR,8,8,False,
2022,12,4,114,Abe,DeAndre Hopkins,False,WR,7,7,False,
2022,12,5,115,Joshua,Robert Woods,False,WR,6,6,False,
2022,12,6,116,Jeff,Malik Willis,False,QB,5,5,False,
2022,12,7,117,Ori,Kadarius Toney,False,WR,4,4,False,
2022,12,8,118,Greenspan,Chris Olave,False,WR,3,3,False,
2022,12,9,119,Goldberg,Buffalo,False,DST,2,2,False,
2022,12,10,120,Barry,Treylon Burks,False,WR,1,1,False,
2022,13,1,121,Barry,Kenneth Walker III,False,RB,1,1,False,
2022,13,2,122,Goldberg,Travis Etienne Jr.,True,RB,2,2,False,
2022,13,3,123,Greenspan,Jameson Williams,False,WR,3,3,False,
2022,13,4,124,Ori,Nyheim Miller-Hines,False,RB,4,4,False,
2022,13,5,125,Jeff,Chase Claypool,False,WR,5,5,False,
2022,13,6,126,Joshua,Rachaad White,False,RB,6,6,False,
2022,13,7,127,Abe,Cole Kmet,False,TE,7,7,False,
2022,13,8,128,Big Leiber,Marcus Mariota,False,QB,8,8,False,
2022,13,9,129,Tompkins,Alexander Mattison,False,RB,9,9,False,
2022,13,10,130,Nalick,Davis Mills,False,QB,10,10,False,
2022,14,1,131,Nalick,Isiah Pacheco,False,RB,10,10,False,
2022,14,2,132,Tompkins,Nico Collins,False,WR,9,9,False,
2022,14,3,133,Big Leiber,James Robinson,False,WR,8,8,False,
2022,14,4,134,Abe,Justin Tucker,False,K,7,7,False,
2022,14,5,135,Joshua,George Pickens,False,WR,6,6,False,
2022,14,6,136,Jeff,Marquez Valdes-Scantling,False,WR,5,5,False,
2022,14,7,137,Ori,Isaiah McKenzie,False,WR,4,4,False,
2022,14,8,138,Greenspan,Desmond Ridder,False,QB,3,3,False,
2022,14,9,139,Goldberg,Jared Goff,False,QB,2,2,False,
2022,14,10,140,Barry,Darrell Henderson Jr.,False,RB,1,1,False,
2022,15,1,141,Barry,Zach Wilson,False,QB,1,1,False,
2022,15,2,142,Goldberg,Tyler Boyd,False,WR,2,2,False,
2022,15,3,143,Greenspan,Brian Robinson Jr.,False,RB,3,3,False,
2022,15,4,144,Ori,San Francisco,False,DST,4,4,False,
2022,15,5,145,Jeff,Michael Carter,False,RB,5,5,False,
2022,15,6,146,Joshua,Raheem Mostert,False,RB,6,6,False,
2022,15,7,147,Abe,Los Angeles,False,DST,7,7,False,
2022,15,8,148,Big Leiber,Indianapolis,False,DST,8,8,False,
2022,15,9,149,Tompkins,New Orleans,False,DST,9,9,False,
2022,15,10,150,Nalick,Denver,False,DST,10,10,False,
2022,16,1,151,Nalick,Khalil Herbert,False,RB,10,10,False,
2022,16,2,152,Tompkins,Mark Ingram II,False,WR,9,9,False,
2022,16,3,153,Big Leiber,Evan McPherson,False,K,8,8,False,
2022,16,4,154,Abe,Jarvis Landry,False,WR,7,7,False,
2022,16,5,155,Joshua,Green Bay,False,DST,6,6,False,
2022,16,6,156,Jeff,Tyler Bass,False,K,5,5,False,
2022,16,7,157,Ori,Sammy Watkins,False,WR,4,4,False,
2022,16,8,158,Greenspan,Skyy Moore,False,WR,3,3,False,
2022,16,9,159,Goldberg,Garrett Wilson,False,WR,2,2,False,
2022,16,10,160,Barry,Tampa Bay,False,DST,1,1,False,
2022,17,1,161,Barry,Matt Gay,False,K,1,1,False,
2022,17,2,162,Goldberg,Harrison Butker,False,K,2,2,False,
2022,17,3,163,Greenspan,Tyler Allgeier,False,RB,3,3,False,
2022,17,4,164,Ori,Greg Joseph,False,K,4,4,False,
2022,17,5,165,Jeff,Tennessee,False,DST,5,5,False,
2022,17,6,166,Joshua,Ryan Succop,False,K,6,6,False,
2022,17,7,167,Abe,D'Onta Foreman,False,RB,7,7,False,
2022,17,8,168,Big Leiber,Russell Gage Jr.,False,WR,8,8,False,
2022,17,9,169,Tompkins,Daniel Carlson,False,K,9,9,False,
2022,17,10,170,Nalick,Robbie Gould,False,K,10,10,False,
2023,1,1,1,Barry,Patrick Mahomes,False,QB,1,1,False,
2023,1,2,2,Nalick,Christian McCaffrey,False,RB,2,2,False,
2023,1,3,3,Goldberg,Josh Allen,False,QB,3,3,False,
2023,1,4,4,Abe,Justin Jefferson,False,WR,4,4,False,
2023,1,5,5,Big Leiber,Jalen Hurts,False,QB,5,5,False,
2023,1,6,6,Ori,Lamar Jackson,False,QB,6,6,False,
2023,1,7,7,Greenspan,Travis Kelce,False,TE,7,7,False,
2023,1,8,8,Joshua,Justin Fields,False,QB,8,8,False,
2023,1,9,9,Jeff,Bijan Robinson,False,RB,9,9,False,
2023,1,10,10,Tompkins,Joe Burrow,False,QB,10,10,False,
2023,2,1,11,Tompkins,Austin Ekeler,False,RB,10,10,False,
2023,2,2,12,Abe,Stefon Diggs,False,WR,9,4,True,confirmed-traded-pick
2023,2,3,13,Joshua,Nick Chubb,False,RB,8,8,False,
2023,2,4,14,Greenspan,Justin Herbert,False,QB,7,7,False,
2023,2,5,15,Ori,Tyreek Hill,False,WR,6,6,False,
2023,2,6,16,Big Leiber,Cooper Kupp,False,WR,5,5,False,
2023,2,7,17,Abe,Saquon Barkley,False,RB,4,4,False,
2023,2,8,18,Goldberg,Derrick Henry,False,RB,3,3,False,
2023,2,9,19,Nalick,CeeDee Lamb,False,WR,2,2,False,
2023,2,10,20,Barry,A.J. Brown,False,WR,1,1,False,
2023,3,1,21,Tompkins,Davante Adams,False,WR,1,10,True,confirmed-traded-pick
2023,3,2,22,Nalick,Tee Higgins,False,WR,2,2,False,
2023,3,3,23,Goldberg,Dak Prescott,False,QB,3,3,False,
2023,3,4,24,Abe,Aaron Jones Sr.,False,RB,4,4,False,
2023,3,5,25,Big Leiber,Josh Jacobs,True,RB,5,5,False,
2023,3,6,26,Ori,Deebo Samuel,False,WR,6,6,False,
2023,3,7,27,Greenspan,DK Metcalf,False,WR,7,7,False,
2023,3,8,28,Joshua,Mark Andrews,False,TE,8,8,False,
2023,3,9,29,Jeff,Ja'Marr Chase,True,WR,9,9,False,
2023,3,10,30,Tompkins,Calvin Ridley,False,WR,10,10,False,
2023,4,1,31,Tompkins,Trevor Lawrence,True,QB,10,10,False,
2023,4,2,32,Jeff,Joe Mixon,False,RB,9,9,False,
2023,4,3,33,Joshua,Amon-Ra St. Brown,True,WR,8,8,False,
2023,4,4,34,Greenspan,Daniel Jones,False,QB,7,7,False,
2023,4,5,35,Ori,Tua Tagovailoa,False,QB,6,6,False,
2023,4,6,36,Tompkins,Amari Cooper,False,WR,5,10,True,confirmed-traded-pick
2023,4,7,37,Abe,Aaron Rodgers,False,QB,4,4,False,
2023,4,8,38,Goldberg,Christian Watson,False,WR,3,3,False,
2023,4,9,39,Nalick,Najee Harris,False,RB,2,2,False,
2023,4,10,40,Barry,Jahmyr Gibbs,False,RB,1,1,False,
2023,5,1,41,Barry,DJ Moore,False,WR,1,1,False,
2023,5,2,42,Nalick,Kirk Cousins,False,QB,2,2,False,
2023,5,3,43,Goldberg,Mike Evans,False,WR,3,3,False,
2023,5,4,44,Abe,Dameon Pierce,False,RB,4,4,False,
2023,5,5,45,Big Leiber,Anthony Richardson Sr.,False,QB,5,5,False,
2023,5,6,46,Ori,Keenan Allen,False,WR,6,6,False,
2023,5,7,47,Greenspan,J.K. Dobbins,False,RB,7,7,False,
2023,5,8,48,Joshua,Geno Smith,False,QB,8,8,False,
2023,5,9,49,Jeff,Miles Sanders,False,RB,9,9,False,
2023,5,10,50,Tompkins,Jonathan Taylor,False,RB,10,10,False,
2023,6,1,51,Big Leiber,Breece Hall,False,RB,10,5,True,confirmed-traded-pick
2023,6,2,52,Jeff,Deshaun Watson,True,QB,9,9,False,
2023,6,3,53,Joshua,Alexander Mattison,False,RB,8,8,False,
2023,6,4,54,Greenspan,Rhamondre Stevenson,True,RB,7,7,False,
2023,6,5,55,Ori,Cam Akers,False,RB,6,6,False,
2023,6,6,56,Big Leiber,Jared Goff,False,QB,5,5,False,
2023,6,7,57,Abe,Tyler Lockett,False,WR,4,4,False,
2023,6,8,58,Goldberg,Darren Waller,False,TE,3,3,False,
2023,6,9,59,Nalick,Garrett Wilson,True,WR,2,2,False,
2023,6,10,60,Barry,Russell Wilson,False,QB,1,1,False,
2023,7,1,61,Barry,George Kittle,False,TE,1,1,False,
2023,7,2,62,Nalick,James Cook,False,RB,2,2,False,
2023,7,3,63,Goldberg,Jordan Love,False,QB,3,3,False,
2023,7,4,64,Abe,Brandon Aiyuk,False,WR,4,4,False,
2023,7,5,65,Big Leiber,DeAndre Hopkins,False,WR,5,5,False,
2023,7,6,66,Ori,David Montgomery,False,RB,6,6,False,
2023,7,7,67,Greenspan,Rachaad White,False,RB,7,7,False,
2023,7,8,68,Joshua,Jaylen Waddle,True,WR,8,8,False,
2023,7,9,69,Jeff,Terry McLaurin,False,WR,9,9,False,
2023,7,10,70,Barry,DeVonta Smith,True,WR,10,1,True,confirmed-traded-pick
2023,8,1,71,Tompkins,Dallas Goedert,False,TE,10,10,False,
2023,8,2,72,Jeff,Bryce Young,False,QB,9,9,False,
2023,8,3,73,Joshua,Mike Williams,False,WR,8,8,False,
2023,8,4,74,Greenspan,Diontae Johnson,False,WR,7,7,False,
2023,8,5,75,Ori,Khalil Herbert,False,RB,6,6,False,
2023,8,6,76,Big Leiber,T.J. Hockenson,True,TE,5,5,False,
2023,8,7,77,Jeff,Kyle Pitts Sr.,False,TE,4,9,True,confirmed-traded-pick
2023,8,8,78,Goldberg,Tony Pollard,True,RB,3,3,False,
2023,8,9,79,Nalick,Sam Howell,False,QB,2,2,False,
2023,8,10,80,Barry,Isiah Pacheco,False,RB,1,1,False,
2023,9,1,81,Barry,Drake London,False,WR,1,1,False,
2023,9,2,82,Nalick,Chris Godwin Jr.,False,WR,2,2,False,
2023,9,3,83,Goldberg,James Conner,False,RB,3,3,False,
2023,9,4,84,Abe,Michael Pittman Jr.,False,RB,4,4,False,
2023,9,5,85,Big Leiber,Javonte Williams,False,RB,5,5,False,
2023,9,6,86,Ori,Kenny Pickett,False,QB,6,6,False,
2023,9,7,87,Greenspan,Chris Olave,True,WR,7,7,False,
2023,9,8,88,Joshua,Christian Kirk,False,WR,8,8,False,
2023,9,9,89,Jeff,Dalvin Cook,False,RB,9,9,False,
2023,9,10,90,Tompkins,George Pickens,False,WR,10,10,False,
2023,10,1,91,Tompkins,Alvin Kamara,False,RB,10,10,False,
2023,10,2,92,Jeff,Jahan Dotson,False,WR,9,9,False,
2023,10,3,93,Joshua,D'Andre Swift,False,RB,8,8,False,
2023,10,4,94,Greenspan,Brock Purdy,False,QB,7,7,False,
2023,10,5,95,Ori,Jaxon Smith-Njigba,False,WR,6,6,False,
2023,10,6,96,Big Leiber,Derek Carr,False,QB,5,5,False,
2023,10,7,97,Abe,Brian Robinson Jr.,False,RB,4,4,False,
2023,10,8,98,Goldberg,Travis Etienne Jr.,True,RB,3,3,False,
2023,10,9,99,Nalick,Pat Freiermuth,False,TE,2,2,False,
2023,10,10,100,Barry,Kenneth Walker III,True,RB,1,1,False,
2023,11,1,101,Barry,Jerry Jeudy,False,WR,1,1,False,
2023,11,2,102,Nalick,Matthew Stafford,False,QB,2,2,False,
2023,11,3,103,Goldberg,Gabe Davis,False,WR,3,3,False,
2023,11,4,104,Abe,Evan Engram,False,TE,4,4,False,
2023,11,5,105,Big Leiber,Jordan Addison,False,WR,5,5,False,
2023,11,6,106,Ori,Jamaal Williams,False,RB,6,6,False,
2023,11,7,107,Greenspan,Courtland Sutton,False,WR,7,7,False,
2023,11,8,108,Joshua,Hollywood Brown,False,WR,8,8,False,
2023,11,9,109,Jeff,Rashod Bateman,False,WR,9,9,False,
2023,11,10,110,Tompkins,Brandin Cooks,False,WR,10,10,False,
2023,12,1,111,Tompkins,Desmond Ridder,False,QB,10,10,False,
2023,12,2,112,Jeff,A.J. Dillon,False,RB,9,9,False,
2023,12,3,113,Joshua,Kyler Murray,False,QB,8,8,False,
2023,12,4,114,Greenspan,Quentin Johnston,False,WR,7,7,False,
2023,12,5,115,Ori,Michael Thomas,False,WR,6,6,False,
2023,12,6,116,Big Leiber,Antonio Gibson,False,RB,5,5,False,
2023,12,7,117,Abe,C.J. Stroud,False,QB,4,4,False,
2023,12,8,118,Goldberg,Justin Tucker,False,K,3,3,False,
2023,12,9,119,Nalick,Skyy Moore,False,WR,2,2,False,
2023,12,10,120,Barry,Jimmy Garoppolo,False,QB,1,1,False,
2023,13,1,121,Barry,Zach Charbonnet,False,RB,1,1,False,
2023,13,2,122,Nalick,Elijah Mitchell,False,RB,2,2,False,
2023,13,3,123,Goldberg,Kadarius Toney,False,WR,3,3,False,
2023,13,4,124,Abe,Elijah Moore,False,WR,4,4,False,
2023,13,5,125,Big Leiber,Zay Flowers,False,WR,5,5,False,
2023,13,6,126,Ori,Jaylen Warren,False,RB,6,6,False,
2023,13,7,127,Tompkins,David Njoku,False,TE,7,10,True,confirmed-traded-pick
2023,13,8,128,Joshua,Treylon Burks,False,WR,8,8,False,
2023,13,9,129,Jeff,Baker Mayfield,False,QB,9,9,False,
2023,13,10,130,Tompkins,Odell Beckham Jr.,False,WR,10,10,False,
2023,14,1,131,Tompkins,Allen Lazard,False,WR,10,10,False,
2023,14,2,132,Jeff,JuJu Smith-Schuster,False,WR,9,9,False,
2023,14,3,133,Joshua,Dalton Kincaid,False,TE,8,8,False,
2023,14,4,134,Greenspan,Ezekiel Elliott,False,RB,7,7,False,
2023,14,5,135,Ori,Tyler Boyd,False,WR,6,6,False,
2023,14,6,136,Big Leiber,Roschon Johnson,False,RB,5,5,False,
2023,14,7,137,Abe,Nico Collins,False,WR,4,4,False,
2023,14,8,138,Goldberg,Jakobi Meyers,False,WR,3,3,False,
2023,14,9,139,Nalick,Tank Bigsby,False,RB,2,2,False,
2023,14,10,140,Barry,Samaje Perine,False,RB,1,1,False,
2023,15,1,141,Barry,San Francisco,False,DST,1,1,False,
2023,15,2,142,Nalick,Philadelphia,False,DST,2,2,False,
2023,15,3,143,Goldberg,Dallas,False,DST,3,3,False,
2023,15,4,144,Abe,Chig Okonkwo,False,TE,4,4,False,
2023,15,5,145,Big Leiber,Baltimore,False,DST,5,5,False,
2023,15,6,146,Ori,New York,False,DST,6,6,False,
2023,15,7,147,Greenspan,Marvin Mims Jr.,False,WR,7,7,False,
2023,15,8,148,Joshua,Buffalo,False,DST,8,8,False,
2023,15,9,149,Jeff,Donovan Peoples-Jones,False,WR,9,9,False,
2023,15,10,150,Tompkins,Rashaad Penny,False,RB,10,10,False,
2023,16,1,151,Tompkins,Washington,False,DST,10,10,False,
2023,16,2,152,Jeff,Tyler Bass,False,K,9,9,False,
2023,16,3,153,Joshua,Evan McPherson,False,K,8,8,False,
2023,16,4,154,Greenspan,Romeo Doubs,False,WR,7,7,False,
2023,16,5,155,Ori,Sam LaPorta,False,TE,6,6,False,
2023,16,6,156,Big Leiber,Harrison Butker,False,K,5,5,False,
2023,16,7,157,Abe,Miami,False,DST,4,4,False,
2023,16,8,158,Goldberg,Raheem Mostert,False,RB,3,3,False,
2023,16,9,159,Nalick,D'Onta Foreman,False,RB,2,2,False,
2023,16,10,160,Barry,Daniel Carlson,False,K,1,1,False,
2023,17,1,161,Barry,Jameson Williams,False,WR,1,1,False,
2023,17,2,162,Nalick,Cameron Dicker,False,K,2,2,False,
2023,17,3,163,Goldberg,Tyjae Spears,False,RB,3,3,False,
2023,17,4,164,Abe,Younghoe Koo,False,K,4,4,False,
2023,17,5,165,Big Leiber,Kendre Miller,False,RB,5,5,False,
2023,17,6,166,Ori,Jason Myers,False,K,6,6,False,
2023,17,7,167,Greenspan,Jacksonville,False,DST,7,7,False,
2023,17,8,168,Joshua,De'Von Achane,False,RB,8,8,False,
2023,17,9,169,Jeff,New Orleans,False,DST,9,9,False,
2023,17,10,170,Greenspan,Riley Patterson,False,K,10,7,True,confirmed-traded-pick
2024,1,1,1,Tompkins,Christian McCaffrey,False,RB,1,1,False,
2024,1,2,2,Ori,Josh Allen,False,QB,2,2,False,
2024,1,3,3,Big Leiber,Jalen Hurts,False,QB,3,3,False,
2024,1,4,4,Nalick,Bijan Robinson,False,RB,4,4,False,
2024,1,5,5,Abe,CeeDee Lamb,False,WR,5,5,False,
2024,1,6,6,Greenspan,Patrick Mahomes,False,QB,6,6,False,
2024,1,7,7,Greenspan,Tyreek Hill,False,WR,7,6,True,confirmed-traded-pick
2024,1,8,8,Jeff,Lamar Jackson,False,QB,8,8,False,
2024,1,9,9,Joshua,Justin Jefferson,False,WR,9,9,False,
2024,1,10,10,Barry,Anthony Richardson Sr.,False,QB,10,10,False,
2024,2,1,11,Barry,Amon-Ra St. Brown,False,WR,10,10,False,
2024,2,2,12,Joshua,Ja'Marr Chase,False,WR,9,9,False,
2024,2,3,13,Jeff,Jonathan Taylor,False,RB,8,8,False,
2024,2,4,14,Goldberg,Joe Burrow,False,QB,7,7,False,
2024,2,5,15,Greenspan,A.J. Brown,False,WR,6,6,False,
2024,2,6,16,Abe,Saquon Barkley,False,RB,5,5,False,
2024,2,7,17,Tompkins,Derrick Henry,False,RB,4,1,True,confirmed-traded-pick
2024,2,8,18,Big Leiber,Dak Prescott,False,QB,3,3,False,
2024,2,9,19,Ori,Deebo Samuel,False,WR,2,2,False,
2024,2,10,20,Tompkins,Puka Nacua,False,WR,1,1,False,
2024,3,1,21,Tompkins,Mike Evans,False,WR,1,1,False,
2024,3,2,22,Jeff,Travis Kelce,False,TE,2,8,True,confirmed-traded-pick
2024,3,3,23,Big Leiber,Breece Hall,True,RB,3,3,False,
2024,3,4,24,Nalick,Garrett Wilson,True,WR,4,4,False,
2024,3,5,25,Abe,Trevor Lawrence,False,QB,5,5,False,
2024,3,6,26,Greenspan,Josh Jacobs,False,RB,6,6,False,
2024,3,7,27,Goldberg,Davante Adams,False,WR,7,7,False,
2024,3,8,28,Jeff,Marvin Harrison Jr.,False,WR,8,8,False,
2024,3,9,29,Joshua,Jahmyr Gibbs,False,RB,9,9,False,
2024,3,10,30,Greenspan,Joe Mixon,False,RB,10,6,True,confirmed-traded-pick
2024,4,1,31,Barry,Jayden Daniels,False,QB,10,10,False,
2024,4,2,32,Joshua,Caleb Williams,False,QB,9,9,False,
2024,4,3,33,Jeff,Cooper Kupp,False,WR,8,8,False,
2024,4,4,34,Goldberg,DK Metcalf,False,WR,7,7,False,
2024,4,5,35,Greenspan,Jordan Love,True,QB,6,6,False,
2024,4,6,36,Abe,Brandon Aiyuk,False,WR,5,5,False,
2024,4,7,37,Nalick,Chris Olave,False,WR,4,4,False,
2024,4,8,38,Big Leiber,Rachaad White,False,RB,3,3,False,
2024,4,9,39,Ori,Justin Herbert,False,QB,2,2,False,
2024,4,10,40,Tompkins,Jared Goff,False,QB,1,1,False,
2024,5,1,41,Tompkins,Jaylen Waddle,False,WR,1,1,False,
2024,5,2,42,Ori,DeVonta Smith,False,WR,2,2,False,
2024,5,3,43,Big Leiber,Malik Nabers,False,WR,3,3,False,
2024,5,4,44,Nalick,Tua Tagovailoa,False,QB,4,4,False,
2024,5,5,45,Abe,James Cook,False,RB,5,5,False,
2024,5,6,46,Greenspan,DJ Moore,False,WR,6,6,False,
2024,5,7,47,Goldberg,Alvin Kamara,False,RB,7,7,False,
2024,5,8,48,Jeff,David Montgomery,False,RB,8,8,False,
2024,5,9,49,Joshua,Rashee Rice,False,WR,9,9,False,
2024,5,10,50,Barry,Amari Cooper,False,WR,10,10,False,
2024,6,1,51,Barry,Tee Higgins,False,WR,10,10,False,
2024,6,2,52,Joshua,Kyren Williams,True,RB,9,9,False,
2024,6,3,53,Jeff,Travis Etienne Jr.,True,RB,8,8,False,
2024,6,4,54,Goldberg,De'Von Achane,True,RB,7,7,False,
2024,6,5,55,Greenspan,Trey McBride,False,TE,6,6,False,
2024,6,6,56,Abe,Mark Andrews,False,TE,5,5,False,
2024,6,7,57,Nalick,Sam LaPorta,True,TE,4,4,False,
2024,6,8,58,Big Leiber,Drake London,True,WR,3,3,False,
2024,6,9,59,Ori,Terry McLaurin,False,WR,2,2,False,
2024,6,10,60,Tompkins,George Kittle,False,TE,1,1,False,
2024,7,1,61,Tompkins,George Pickens,False,WR,1,1,False,
2024,7,2,62,Ori,Zay Flowers,False,WR,2,2,False,
2024,7,3,63,Big Leiber,Michael Pittman Jr.,False,RB,3,3,False,
2024,7,4,64,Nalick,Kirk Cousins,False,QB,4,4,False,
2024,7,5,65,Abe,Aaron Rodgers,False,QB,5,5,False,
2024,7,6,66,Barry,Kyle Pitts Sr.,False,TE,6,10,True,confirmed-traded-pick
2024,7,7,67,Goldberg,Brock Purdy,True,QB,7,7,False,
2024,7,8,68,Ori,James Conner,False,RB,8,2,True,confirmed-traded-pick
2024,7,9,69,Joshua,Tank Dell,False,WR,9,9,False,
2024,7,10,70,Barry,Kenneth Walker III,True,RB,10,10,False,
2024,8,1,71,Barry,Isiah Pacheco,True,RB,10,10,False,
2024,8,2,72,Joshua,Dalton Kincaid,False,TE,9,9,False,
2024,8,3,73,Jeff,Stefon Diggs,False,WR,8,8,False,
2024,8,4,74,Goldberg,Christian Kirk,False,WR,7,7,False,
2024,8,5,75,Greenspan,Calvin Ridley,False,WR,6,6,False,
2024,8,6,76,Abe,Aaron Jones Sr.,False,RB,5,5,False,
2024,8,7,77,Nalick,Rhamondre Stevenson,False,RB,4,4,False,
2024,8,8,78,Big Leiber,D'Andre Swift,False,RB,3,3,False,
2024,8,9,79,Ori,Najee Harris,False,RB,2,2,False,
2024,8,10,80,Tompkins,Matthew Stafford,True,QB,1,1,False,
2024,9,1,81,Tompkins,Deshaun Watson,False,QB,1,1,False,
2024,9,2,82,Ori,Tony Pollard,False,RB,2,2,False,
2024,9,3,83,Big Leiber,Xavier Worthy,False,WR,3,3,False,
2024,9,4,84,Nalick,Devin Singletary,False,RB,4,4,False,
2024,9,5,85,Abe,C.J. Stroud,True,QB,5,5,False,
2024,9,6,86,Greenspan,Brian Robinson Jr.,False,RB,6,6,False,
2024,9,7,87,Goldberg,Zamir White,False,RB,7,7,False,
2024,9,8,88,Jeff,Rome Odunze,False,WR,8,8,False,
2024,9,9,89,Joshua,Kyler Murray,True,QB,9,9,False,
2024,9,10,90,Barry,Javonte Williams,False,RB,10,10,False,
2024,10,1,91,Barry,Diontae Johnson,False,WR,10,10,False,
2024,10,2,92,Joshua,Jayden Reed,False,WR,9,9,False,
2024,10,3,93,Jeff,Baker Mayfield,True,QB,8,8,False,
2024,10,4,94,Goldberg,Evan Engram,False,TE,7,7,False,
2024,10,5,95,Greenspan,Hollywood Brown,False,WR,6,6,False,
2024,10,6,96,Abe,Chris Godwin Jr.,False,WR,5,5,False,
2024,10,7,97,Nalick,Tyjae Spears,False,RB,4,4,False,
2024,10,8,98,Big Leiber,Jaxon Smith-Njigba,False,WR,3,3,False,
2024,10,9,99,Ori,Keenan Allen,False,WR,2,2,False,
2024,10,10,100,Tompkins,Christian Watson,False,WR,1,1,False,
2024,11,1,101,Tompkins,Gus Edwards,False,RB,1,1,False,
2024,11,2,102,Ori,Joshua Palmer,False,WR,2,2,False,
2024,11,3,103,Big Leiber,Jonathon Brooks,False,RB,3,3,False,
2024,11,4,104,Nalick,Brian Thomas Jr.,False,WR,4,4,False,
2024,11,5,105,Abe,Nico Collins,True,WR,5,5,False,
2024,11,6,106,Greenspan,Jerome Ford,False,RB,6,6,False,
2024,11,7,107,Goldberg,Austin Ekeler,False,RB,7,7,False,
2024,11,8,108,Jeff,Zack Moss,False,RB,8,8,False,
2024,11,9,109,Joshua,Jaylen Warren,False,RB,9,9,False,
2024,11,10,110,Barry,Geno Smith,False,QB,10,10,False,
2024,12,1,111,Barry,Chase Brown,False,RB,10,10,False,
2024,12,2,112,Joshua,Blake Corum,False,RB,9,9,False,
2024,12,3,113,Jeff,Russell Wilson,False,QB,8,8,False,
2024,12,4,114,Goldberg,Courtland Sutton,False,WR,7,7,False,
2024,12,5,115,Greenspan,Bo Nix,False,QB,6,6,False,
2024,12,6,116,Abe,Jake Ferguson,False,TE,5,5,False,
2024,12,7,117,Nalick,Trey Benson,False,RB,4,4,False,
2024,12,8,118,Big Leiber,David Njoku,False,TE,3,3,False,
2024,12,9,119,Ori,Bryce Young,False,QB,2,2,False,
2024,12,10,120,Tompkins,Brock Bowers,False,TE,1,1,False,
2024,13,1,121,Tompkins,San Francisco,False,DST,1,1,False,
2024,13,2,122,Ori,Dallas Goedert,False,TE,2,2,False,
2024,13,3,123,Big Leiber,Will Levis,False,QB,3,3,False,
2024,13,4,124,Nalick,Jameson Williams,False,WR,4,4,False,
2024,13,5,125,Abe,Baltimore,False,DST,5,5,False,
2024,13,6,126,Greenspan,Raheem Mostert,True,RB,6,6,False,
2024,13,7,127,Goldberg,New York,False,DST,7,7,False,
2024,13,8,128,Jeff,DeAndre Hopkins,False,WR,8,8,False,
2024,13,9,129,Joshua,Drake Maye,False,QB,9,9,False,
2024,13,10,130,Barry,Jordan Addison,False,WR,10,10,False,
2024,14,1,131,Barry,Ladd McConkey,False,WR,10,10,False,
2024,14,2,132,Joshua,Sam Darnold,False,QB,9,9,False,
2024,14,3,133,Jeff,Nick Chubb,False,RB,8,8,False,
2024,14,4,134,Goldberg,Kimani Vidal,False,RB,7,7,False,
2024,14,5,135,Greenspan,Keon Coleman,False,WR,6,6,False,
2024,14,6,136,Abe,Justin Tucker,False,K,5,5,False,
2024,14,7,137,Nalick,Justin Fields,False,QB,4,4,False,
2024,14,8,138,Big Leiber,Rico Dowdle,False,RB,3,3,False,
2024,14,9,139,Ori,Harrison Butker,False,K,2,2,False,
2024,14,10,140,Tompkins,Brandon Aubrey,False,K,1,1,False,
2024,15,1,141,Tompkins,Mike Williams,False,WR,1,1,False,
2024,15,2,142,Ori,Dallas,False,DST,2,2,False,
2024,15,3,143,Big Leiber,Ty Chandler,False,RB,3,3,False,
2024,15,4,144,Nalick,Khalil Shakir,False,WR,4,4,False,
2024,15,5,145,Abe,J.K. Dobbins,False,RB,5,5,False,
2024,15,6,146,Greenspan,Jaylen Wright,False,RB,6,6,False,
2024,15,7,147,Goldberg,Xavier Legette,False,WR,7,7,False,
2024,15,8,148,Jeff,Cleveland,False,DST,8,8,False,
2024,15,9,149,Joshua,Pittsburgh,False,DST,9,9,False,
2024,15,10,150,Barry,New Orleans,False,DST,10,10,False,
2024,16,1,151,Barry,Jason Sanders,False,K,10,10,False,
2024,16,2,152,Joshua,Younghoe Koo,False,K,9,9,False,
2024,16,3,153,Jeff,T.J. Hockenson,False,TE,8,8,False,
2024,16,4,154,Goldberg,Ricky Pearsall,False,WR,7,7,False,
2024,16,5,155,Greenspan,Cincinnati,False,DST,6,6,False,
2024,16,6,156,Abe,Adonai Mitchell,False,WR,5,5,False,
2024,16,7,157,Nalick,Kansas City,False,DST,4,4,False,
2024,16,8,158,Big Leiber,Seattle,False,DST,3,3,False,
2024,16,9,159,Ori,Ray Davis,False,RB,2,2,False,
2024,16,10,160,Tompkins,Zach Charbonnet,False,RB,1,1,False,
2024,17,1,161,Nalick,Ka'imi Fairbairn,False,K,1,4,True,confirmed-traded-pick
2024,17,2,162,Ori,Ben Sinnott,False,TE,2,2,False,
2024,17,3,163,Big Leiber,Jake Elliott,False,K,3,3,False,
2024,17,4,164,Nalick,Jaleel McLaughlin,False,RB,4,4,False,
2024,17,5,165,Abe,Gabe Davis,False,WR,5,5,False,
2024,17,6,166,Goldberg,Cameron Dicker,False,K,6,7,True,confirmed-traded-pick
2024,17,7,167,Goldberg,Tyler Allgeier,False,RB,7,7,False,
2024,17,8,168,Jeff,Evan McPherson,False,K,8,8,False,
2024,17,9,169,Joshua,Rashid Shaheed,False,WR,9,9,False,
2024,17,10,170,Barry,Ezekiel Elliott,False,RB,10,10,False,
2025,1,1,1,Jeff,Saquon Barkley,False,RB,1,1,False,
2025,1,2,2,Goldberg,Lamar Jackson,False,QB,2,2,False,
2025,1,3,3,Ori,Josh Allen,False,QB,3,3,False,
2025,1,4,4,Joshua,Jalen Hurts,False,QB,4,4,False,
2025,1,5,5,Abe,Bijan Robinson,False,RB,5,5,False,
2025,1,6,6,Greenspan,Ja'Marr Chase,False,WR,6,6,False,
2025,1,7,7,Nalick,Jahmyr Gibbs,False,RB,7,7,False,
2025,1,8,8,Big Leiber,Joe Burrow,False,QB,8,8,False,
2025,1,9,9,Tompkins,Justin Jefferson,False,WR,9,9,False,
2025,1,10,10,Barry,Jayden Daniels,True,QB,10,10,False,
2025,2,1,11,Barry,Derrick Henry,False,RB,10,10,False,
2025,2,2,12,Tompkins,CeeDee Lamb,False,WR,9,9,False,
2025,2,3,13,Big Leiber,Christian McCaffrey,False,RB,8,8,False,
2025,2,4,14,Nalick,Amon-Ra St. Brown,False,WR,7,7,False,
2025,2,5,15,Greenspan,Ashton Jeanty,False,RB,6,6,False,
2025,2,6,16,Abe,Malik Nabers,False,WR,5,5,False,
2025,2,7,17,Joshua,Jonathan Taylor,False,RB,4,4,False,
2025,2,8,18,Ori,Patrick Mahomes,False,QB,3,3,False,
2025,2,9,19,Goldberg,Puka Nacua,False,WR,2,2,False,
2025,2,10,20,Jeff,Josh Jacobs,False,RB,1,1,False,
2025,3,1,21,Jeff,Tyreek Hill,False,WR,1,1,False,
2025,3,2,22,Goldberg,De'Von Achane,True,RB,2,2,False,
2025,3,3,23,Ori,A.J. Brown,False,WR,3,3,False,
2025,3,4,24,Joshua,James Cook III,False,RB,4,4,False,
2025,3,5,25,Abe,Caleb Williams,False,QB,5,5,False,
2025,3,6,26,Greenspan,Drake London,False,WR,6,6,False,
2025,3,7,27,Nalick,Trey McBride,False,TE,7,7,False,
2025,3,8,28,Big Leiber,Kyler Murray,False,QB,8,8,False,
2025,3,9,29,Ori,George Kittle,False,TE,9,3,True,confirmed-traded-pick
2025,3,10,30,Barry,Kyren Williams,False,RB,10,10,False,
2025,4,1,31,Barry,Omarion Hampton,False,RB,10,10,False,
2025,4,2,32,Tompkins,Mike Evans,False,WR,9,9,False,
2025,4,3,33,Big Leiber,Jaxon Smith-Njigba,False,WR,8,8,False,
2025,4,4,34,Nalick,Garrett Wilson,False,WR,7,7,False,
2025,4,5,35,Greenspan,Chuba Hubbard,False,RB,6,6,False,
2025,4,6,36,Abe,Tee Higgins,False,WR,5,5,False,
2025,4,7,37,Joshua,TreVeyon Henderson,False,RB,4,4,False,
2025,4,8,38,Ori,Kenneth Walker III,False,RB,3,3,False,
2025,4,9,39,Goldberg,Terry McLaurin,False,WR,2,2,False,
2025,4,10,40,Jeff,Marvin Harrison Jr.,False,WR,1,1,False,
2025,5,1,41,Jeff,Justin Fields,False,QB,1,1,False,
2025,5,2,42,Goldberg,Justin Herbert,False,QB,2,2,False,
2025,5,3,43,Ori,DeVonta Smith,False,WR,3,3,False,
2025,5,4,44,Joshua,Jameson Williams,False,WR,4,4,False,
2025,5,5,45,Abe,Breece Hall,False,RB,5,5,False,
2025,5,6,46,Greenspan,Dak Prescott,False,QB,6,6,False,
2025,5,7,47,Nalick,Jordan Love,False,QB,7,7,False,
2025,5,8,48,Big Leiber,Alvin Kamara,False,RB,8,8,False,
2025,5,9,49,Tompkins,James Conner,False,RB,9,9,False,
2025,5,10,50,Barry,Brock Purdy,False,QB,10,10,False,
2025,6,1,51,Barry,Sam LaPorta,False,TE,10,10,False,
2025,6,2,52,Tompkins,Davante Adams,False,WR,9,9,False,
2025,6,3,53,Big Leiber,Bucky Irving,True,RB,8,8,False,
2025,6,4,54,Nalick,Isiah Pacheco,False,RB,7,7,False,
2025,6,5,55,Greenspan,George Pickens,False,WR,6,6,False,
2025,6,6,56,Abe,C.J. Stroud,True,QB,5,5,False,
2025,6,7,57,Joshua,Chase Brown,True,RB,4,4,False,
2025,6,8,58,Ori,Tyrone Tracy Jr.,False,RB,3,3,False,
2025,6,9,59,Goldberg,D'Andre Swift,False,RB,2,2,False,
2025,6,10,60,Jeff,Tony Pollard,False,RB,1,1,False,
2025,7,1,61,Jeff,Baker Mayfield,True,QB,1,1,False,
2025,7,2,62,Goldberg,DJ Moore,False,WR,2,2,False,
2025,7,3,63,Ori,Calvin Ridley,False,WR,3,3,False,
2025,7,4,64,Joshua,Xavier Worthy,False,WR,4,4,False,
2025,7,5,65,Abe,Jared Goff,False,QB,5,5,False,
2025,7,6,66,Greenspan,Aaron Jones Sr.,False,RB,6,6,False,
2025,7,7,67,Nalick,Zay Flowers,False,WR,7,7,False,
2025,7,8,68,Big Leiber,DK Metcalf,False,WR,8,8,False,
2025,7,9,69,Tompkins,Trevor Lawrence,False,QB,9,9,False,
2025,7,10,70,Barry,Tetairoa McMillan,False,WR,10,10,False,
2025,8,1,71,Barry,Travis Hunter,False,WR,10,10,False,
2025,8,2,72,Tompkins,J.J. McCarthy,False,QB,9,9,False,
2025,8,3,73,Big Leiber,RJ Harvey,False,RB,8,8,False,
2025,8,4,74,Nalick,Jacory Croskey-Merritt,False,RB,7,7,False,
2025,8,5,75,Greenspan,T.J. Hockenson,False,TE,6,6,False,
2025,8,6,76,Abe,Nico Collins,True,WR,5,5,False,
2025,8,7,77,Joshua,Jaylen Waddle,False,WR,4,4,False,
2025,8,8,78,Ori,Brian Thomas Jr.,True,WR,3,3,False,
2025,8,9,79,Goldberg,Travis Kelce,False,TE,2,2,False,
2025,8,10,80,Jeff,Rome Odunze,False,WR,1,1,False,
2025,9,1,81,Jeff,Michael Penix Jr.,False,QB,1,1,False,
2025,9,2,82,Goldberg,Courtland Sutton,True,WR,2,2,False,
2025,9,3,83,Ori,Kaleb Johnson,False,RB,3,3,False,
2025,9,4,84,Joshua,Emeka Egbuka,False,WR,4,4,False,
2025,9,5,85,Abe,Chris Olave,False,WR,5,5,False,
2025,9,6,86,Greenspan,Bo Nix,True,QB,6,6,False,
2025,9,7,87,Nalick,Geno Smith,False,QB,7,7,False,
2025,9,8,88,Big Leiber,Ricky Pearsall,False,WR,8,8,False,
2025,9,9,89,Tompkins,Brock Bowers,True,TE,9,9,False,
2025,9,10,90,Barry,David Montgomery,False,RB,10,10,False,
2025,10,1,91,Barry,Jordan Mason,False,RB,10,10,False,
2025,10,2,92,Tompkins,Jaylen Warren,False,RB,9,9,False,
2025,10,3,93,Big Leiber,Matthew Golden,False,WR,8,8,False,
2025,10,4,94,Nalick,Zach Charbonnet,False,RB,7,7,False,
2025,10,5,95,Greenspan,Rashee Rice,False,WR,6,6,False,
2025,10,6,96,Abe,Tucker Kraft,False,TE,5,5,False,
2025,10,7,97,Joshua,Drake Maye,True,QB,4,4,False,
2025,10,8,98,Ori,Stefon Diggs,False,WR,3,3,False,
2025,10,9,99,Goldberg,Matthew Stafford,False,QB,2,2,False,
2025,10,10,100,Jeff,Mark Andrews,False,TE,1,1,False,
2025,11,1,101,Jeff,Cam Skattebo,False,RB,1,1,False,
2025,11,2,102,Goldberg,Chris Godwin Jr.,False,WR,2,2,False,
2025,11,3,103,Ori,Braelon Allen,False,RB,3,3,False,
2025,11,4,104,Joshua,Tyler Warren,False,TE,4,4,False,
2025,11,5,105,Abe,Joe Mixon,False,RB,5,5,False,
2025,11,6,106,Greenspan,Bryce Young,False,QB,6,6,False,
2025,11,7,107,Nalick,Jakobi Meyers,False,WR,7,7,False,
2025,11,8,108,Big Leiber,Jerry Jeudy,False,WR,8,8,False,
2025,11,9,109,Tompkins,Tua Tagovailoa,False,QB,9,9,False,
2025,11,10,110,Barry,Ladd McConkey,True,WR,10,10,False,
2025,12,1,111,Barry,Deebo Samuel,False,WR,10,10,False,
2025,12,2,112,Tompkins,Nick Chubb,False,RB,9,9,False,
2025,12,3,113,Big Leiber,David Njoku,False,TE,8,8,False,
2025,12,4,114,Nalick,Cam Ward,False,QB,7,7,False,
2025,12,5,115,Greenspan,J.K. Dobbins,False,RB,6,6,False,
2025,12,6,116,Abe,Keon Coleman,False,WR,5,5,False,
2025,12,7,117,Joshua,Jauan Jennings,False,WR,4,4,False,
2025,12,8,118,Ori,Jaxson Dart,False,QB,3,3,False,
2025,12,9,119,Goldberg,Rhamondre Stevenson,False,RB,2,2,False,
2025,12,10,120,Jeff,Michael Pittman Jr.,False,RB,1,1,False,
2025,13,1,121,Jeff,Jayden Reed,False,WR,1,1,False,
2025,13,2,122,Goldberg,Jaydon Blue,False,RB,2,2,False,
2025,13,3,123,Ori,Jordan Addison,False,WR,3,3,False,
2025,13,4,124,Joshua,Sam Darnold,False,QB,4,4,False,
2025,13,5,125,Abe,Colston Loveland,False,TE,5,5,False,
2025,13,6,126,Greenspan,Brandon Aiyuk,False,WR,6,6,False,
2025,13,7,127,Nalick,Tank Bigsby,False,RB,7,7,False,
2025,13,8,128,Big Leiber,Travis Etienne Jr.,False,RB,8,8,False,
2025,13,9,129,Tompkins,Keenan Allen,False,WR,9,9,False,
2025,13,10,130,Barry,Brandon Aubrey,False,K,10,10,False,
2025,14,1,131,Barry,Aaron Rodgers,False,QB,10,10,False,
2025,14,2,132,Tompkins,Javonte Williams,False,RB,9,9,False,
2025,14,3,133,Big Leiber,Russell Wilson,False,QB,8,8,False,
2025,14,4,134,Nalick,Josh Downs,False,WR,7,7,False,
2025,14,5,135,Greenspan,Jayden Higgins,False,WR,6,6,False,
2025,14,6,136,Abe,Dalton Kincaid,False,TE,5,5,False,
2025,14,7,137,Joshua,Darnell Mooney,False,WR,4,4,False,
2025,14,8,138,Ori,Kyle Pitts Sr.,False,TE,3,3,False,
2025,14,9,139,Goldberg,Khalil Shakir,False,WR,2,2,False,
2025,14,10,140,Jeff,Evan Engram,False,TE,1,1,False,
2025,15,1,141,Jeff,Dylan Sampson,False,RB,1,1,False,
2025,15,2,142,Goldberg,Bhayshul Tuten,False,RB,2,2,False,
2025,15,3,143,Ori,Broncos,False,DST,3,3,False,
2025,15,4,144,Joshua,Steelers,False,DST,4,4,False,
2025,15,5,145,Abe,Texans,False,DST,5,5,False,
2025,15,6,146,Greenspan,Quinshon Judkins,False,RB,6,6,False,
2025,15,7,147,Nalick,Trey Benson,False,RB,7,7,False,
2025,15,8,148,Big Leiber,Eagles,False,DST,8,8,False,
2025,15,9,149,Tompkins,Vikings,False,DST,9,9,False,
2025,15,10,150,Barry,Ravens,False,DST,10,10,False,
2025,16,1,151,Barry,Rashid Shaheed,False,WR,10,10,False,
2025,16,2,152,Tompkins,Jake Bates,False,K,9,9,False,
2025,16,3,153,Big Leiber,Cameron Dicker,False,K,8,8,False,
2025,16,4,154,Nalick,Chiefs,False,DST,7,7,False,
2025,16,5,155,Greenspan,Isaiah Likely,False,TE,6,6,False,
2025,16,6,156,Abe,Ollie Gordon II,False,RB,5,5,False,
2025,16,7,157,Joshua,Matt Gay,False,K,4,4,False,
2025,16,8,158,Ori,Chase McLaughlin,False,K,3,3,False,
2025,16,9,159,Goldberg,Bills,False,DST,2,2,False,
2025,16,10,160,Jeff,Commanders,False,DST,1,1,False,
2025,17,1,161,Jeff,Cam Little,False,K,1,1,False,
2025,17,2,162,Goldberg,Wil Lutz,False,K,2,2,False,
2025,17,3,163,Tompkins,Ray Davis,False,RB,3,9,True,confirmed-traded-pick
2025,17,4,164,Joshua,Tyler Allgeier,False,RB,4,4,False,
2025,17,5,165,Abe,Harrison Butker,False,K,5,5,False,
2025,17,6,166,Greenspan,Packers,False,DST,6,6,False,
2025,17,7,167,Nalick,Evan McPherson,False,K,7,7,False,
2025,17,8,168,Big Leiber,Cooper Kupp,False,WR,8,8,False,
2025,17,9,169,Tompkins,--empty--,False,EMPTY,9,9,False,
2025,17,10,170,Barry,Marvin Mims Jr.,False,WR,10,10,False,
